openEpochMillis,closeEpochMillis,open,high,low,close,volume,sourceBars
1251767040000,1251767519000,0.84152,0.84195,0.8411,0.84175,285590000,8
1251767520000,1251767999000,0.84165,0.84195,0.84088,0.8413,291540000,8
1251768000000,1251768479000,0.84135,0.84207,0.84105,0.84197,188320000,8
1251768480000,1251768959000,0.84202,0.84265,0.84197,0.84231,223000000,8
1251768960000,1251769439000,0.84234,0.84278,0.84228,0.84238,206230000,8
1251769920000,1251770399000,0.84256,0.84268,0.84172,0.84186,256380000,8
1251774240000,1251774719000,0.83998,0.84099,0.83981,0.84082,462400000,8
1251774720000,1251775199000,0.84081,0.84161,0.84066,0.84091,529730000,8
1251775200000,1251775679000,0.84089,0.84102,0.84026,0.84046,314130000,8
1251775680000,1251776159000,0.84051,0.84116,0.84051,0.84096,215190000,8
1251776160000,1251776639000,0.84098,0.84124,0.84076,0.84086,194400000,8
1251776640000,1251777119000,0.84081,0.84091,0.84031,0.84071,211070000,8
1251777120000,1251777599000,0.84074,0.84133,0.84053,0.84126,389570000,8
1251777600000,1251778079000,0.84121,0.84131,0.84056,0.84056,302420000,8
1251778080000,1251778559000,0.84046,0.84056,0.83886,0.83886,395060000,8
1251778560000,1251779039000,0.83881,0.83946,0.83846,0.83886,604300000,8
1251779040000,1251779519000,0.83884,0.83884,0.83697,0.83721,511180000,8
1251779520000,1251779999000,0.83726,0.83796,0.83726,0.83776,542490000,8
1251780000000,1251780479000,0.8378,0.83843,0.83748,0.83753,375200000,8
1251780480000,1251780959000,0.83758,0.83771,0.83687,0.83758,349530000,8
1251780960000,1251781439000,0.83763,0.83855,0.83753,0.83781,235050000,8
1251781440000,1251781919000,0.83784,0.83786,0.83711,0.83734,321520000,8
1251781920000,1251782399000,0.83738,0.83766,0.83698,0.83711,279450000,8
1251782400000,1251782879000,0.83706,0.83716,0.83616,0.83631,236400000,8
1251782880000,1251783359000,0.83626,0.83626,0.83525,0.83581,482340000,8
1251783360000,1251783839000,0.83576,0.83709,0.83556,0.83658,308780000,8
1251783840000,1251784319000,0.83653,0.83768,0.83653,0.83706,303820000,8
1251784800000,1251785279000,0.83657,0.83661,0.83546,0.83571,291860000,8
1251785280000,1251785759000,0.83566,0.83571,0.83466,0.83566,572390000,8
1251785760000,1251786239000,0.83561,0.83666,0.83539,0.83666,369480000,8
1251786240000,1251786719000,0.83661,0.83691,0.83601,0.83606,242220000,8
1251786720000,1251787199000,0.83611,0.83646,0.83601,0.83611,179950000,8
1251787680000,1251788159000,0.83604,0.83606,0.83476,0.83486,290550000,8
1251792000000,1251792479000,0.83591,0.83606,0.83486,0.83579,433140000,8
1251792480000,1251792959000,0.8358,0.83746,0.8358,0.83736,456270000,8
1251792960000,1251793439000,0.83731,0.83766,0.83713,0.83723,373550000,8
1251793440000,1251793919000,0.83718,0.83741,0.83686,0.83716,323220000,8
1251793920000,1251794399000,0.83711,0.83774,0.83656,0.83662,543920000,8
1251794400000,1251794879000,0.83667,0.83746,0.83636,0.83651,376980000,8
1251794880000,1251795359000,0.83656,0.83716,0.83631,0.83641,282530000,8
1251825600000,1251826079000,0.8263,0.82662,0.82622,0.82656,71680000,8
1251828480000,1251828959000,0.82694,0.82766,0.82691,0.82766,135230000,8
1251828960000,1251829439000,0.82761,0.82786,0.82751,0.82756,81160000,8
1251831360000,1251831839000,0.82731,0.82756,0.82714,0.82731,129490000,8
1251831840000,1251832319000,0.82736,0.82756,0.82656,0.82661,114960000,8
1251832800000,1251833279000,0.82569,0.82628,0.82555,0.82601,133150000,8
1251833280000,1251833759000,0.82606,0.82638,0.82546,0.82601,149180000,8
1251833760000,1251834239000,0.82596,0.82636,0.82581,0.82615,115320000,8
1251834240000,1251834719000,0.8261,0.82615,0.8251,0.82603,336150000,8
1251834720000,1251835199000,0.82605,0.82608,0.82532,0.82552,309950000,8
1251835200000,1251835679000,0.82547,0.82557,0.82498,0.8251,259860000,8
1251835680000,1251836159000,0.82485,0.82568,0.82468,0.82483,268650000,8
1251836160000,1251836639000,0.82487,0.82508,0.82391,0.82416,464120000,8
1251836640000,1251837119000,0.82421,0.82491,0.82411,0.82441,294450000,8
1251837120000,1251837599000,0.82445,0.82516,0.82445,0.82503,193380000,8
1251837600000,1251838079000,0.82498,0.82538,0.82471,0.82498,282160000,8
1251838080000,1251838559000,0.82501,0.82608,0.82501,0.82581,300740000,8
1251842400000,1251842879000,0.83078,0.83088,0.82946,0.8299,287500000,8
1251842880000,1251843359000,0.82994,0.8303,0.82984,0.83025,271910000,8
1251843360000,1251843839000,0.8302,0.83056,0.82959,0.82959,210460000,8
1251843840000,1251844319000,0.82964,0.83063,0.82964,0.83053,127780000,8
1251844320000,1251844799000,0.83048,0.83058,0.82986,0.82991,121940000,8
1251844800000,1251845279000,0.82993,0.83021,0.82933,0.83001,211160000,8
1251845280000,1251845759000,0.82996,0.82996,0.82906,0.82921,122090000,8
1251845760000,1251846239000,0.82926,0.82996,0.82921,0.82971,176700000,8
1251846240000,1251846719000,0.82966,0.82981,0.82946,0.82956,154380000,8
1251846720000,1251847199000,0.82951,0.82961,0.82931,0.82936,96280000,8
1251847200000,1251847679000,0.82931,0.82961,0.82888,0.82926,134390000,8
1251847680000,1251848159000,0.82921,0.83031,0.82921,0.83016,263920000,8
1251848640000,1251849119000,0.83009,0.83016,0.82901,0.82951,254980000,8
1251849120000,1251849599000,0.82954,0.82978,0.82931,0.82941,111900000,8
1251849600000,1251850079000,0.82945,0.82988,0.82926,0.82983,114560000,8
1251850080000,1251850559000,0.82978,0.83038,0.82969,0.83038,132970000,8
1251850560000,1251851039000,0.83033,0.83128,0.83028,0.83113,176650000,8
1251851040000,1251851519000,0.83118,0.83146,0.83093,0.83131,234920000,8
1251851520000,1251851999000,0.83126,0.83131,0.83069,0.83101,252030000,8
1251852000000,1251852479000,0.83106,0.83145,0.83101,0.83121,246410000,8
1251852960000,1251853439000,0.83154,0.83176,0.83123,0.83136,170270000,8
1251853440000,1251853919000,0.83131,0.83171,0.83131,0.83156,84640000,8
1251853920000,1251854399000,0.83151,0.83161,0.83075,0.83101,252190000,8
1251854400000,1251854879000,0.83106,0.83156,0.83071,0.83156,189170000,8
1251854880000,1251855359000,0.83151,0.83226,0.83148,0.83216,257590000,8
1251855360000,1251855839000,0.83221,0.83237,0.83151,0.83166,437310000,8
1251855840000,1251856319000,0.83161,0.83196,0.83121,0.83171,175420000,8
1251856320000,1251856799000,0.83164,0.83217,0.83131,0.83196,214360000,8
1251856800000,1251857279000,0.83201,0.83226,0.83168,0.83188,262130000,8
1251857280000,1251857759000,0.83183,0.83348,0.83151,0.83338,421380000,8
1251857760000,1251858239000,0.83333,0.83371,0.83316,0.83331,412610000,8
1251858240000,1251858719000,0.83326,0.83331,0.83273,0.83302,350720000,8
1251858720000,1251859199000,0.83301,0.83309,0.83268,0.83283,355190000,8
1251859200000,1251859679000,0.83287,0.83393,0.83287,0.83334,475690000,8
1251859680000,1251860159000,0.83331,0.83417,0.83329,0.83381,599990000,8
1251867840000,1251868319000,0.83081,0.83096,0.83046,0.83064,171450000,8
1251868320000,1251868799000,0.83054,0.83142,0.8305,0.83131,284470000,8
1251868800000,1251869279000,0.83138,0.8317,0.83066,0.83066,266120000,8
1251869280000,1251869759000,0.83071,0.83159,0.83071,0.83159,151720000,8
1251869760000,1251870239000,0.83156,0.83158,0.83016,0.83016,188490000,8
1251870240000,1251870719000,0.83006,0.83006,0.82958,0.82969,256250000,8
1251870720000,1251871199000,0.82972,0.83146,0.82949,0.83136,274340000,8
1251875040000,1251875519000,0.83244,0.83346,0.83244,0.83326,372980000,8
1251875520000,1251875999000,0.83329,0.83344,0.83196,0.83216,317200000,8
1251876000000,1251876479000,0.83212,0.83226,0.83156,0.83201,264200000,8
1251876480000,1251876959000,0.83196,0.83205,0.83156,0.83201,342850000,8
1251877440000,1251877919000,0.83161,0.83171,0.83031,0.83051,257100000,8
1251877920000,1251878399000,0.83046,0.83116,0.83026,0.83047,334000000,8
1251896640000,1251897119000,0.83592,0.83602,0.83483,0.83528,572370000,8
1251897120000,1251897599000,0.83523,0.8356,0.83474,0.83551,439020000,8
1251897600000,1251898079000,0.83553,0.836,0.83539,0.8357,336890000,8
1251898080000,1251898559000,0.83565,0.83565,0.83519,0.83531,221390000,8
1251898560000,1251899039000,0.83533,0.83551,0.83499,0.83499,277310000,8
1251899040000,1251899519000,0.83504,0.83603,0.83499,0.83583,212800000,8
1251899520000,1251899999000,0.83573,0.83603,0.83539,0.83544,131920000,8
1251903840000,1251904319000,0.83572,0.83623,0.83522,0.83586,182070000,8
1251904320000,1251904799000,0.83588,0.83716,0.83572,0.83701,228270000,8
1251905280000,1251905759000,0.83614,0.83634,0.83571,0.83616,406950000,8
1251906240000,1251906719000,0.83571,0.83574,0.83471,0.83506,450980000,8
1251907200000,1251907679000,0.83394,0.83426,0.83371,0.83411,216590000,8
1251907680000,1251908159000,0.83401,0.83431,0.83372,0.83388,169390000,8
1251908160000,1251908639000,0.8339,0.83417,0.83376,0.83391,289570000,8
1251910080000,1251910559000,0.83436,0.83526,0.83411,0.83416,175970000,8
1251911040000,1251911519000,0.83366,0.83462,0.83366,0.83421,85910000,8
1251916800000,1251917279000,0.83482,0.83482,0.834,0.8342,75680000,8
1251917280000,1251917759000,0.83417,0.83457,0.83415,0.83455,75650000,8
1251918240000,1251918719000,0.83511,0.83536,0.83456,0.83466,129780000,8
1251920640000,1251921119000,0.83456,0.83486,0.83446,0.83481,101710000,8
1251936000000,1251936479000,0.83556,0.83571,0.83519,0.83548,63690000,8
1251936960000,1251937439000,0.83566,0.83616,0.83551,0.83571,162120000,8
1251937440000,1251937919000,0.83566,0.83581,0.83541,0.83546,108010000,8
1251937920000,1251938399000,0.83537,0.83551,0.83506,0.83521,172190000,8
1251938400000,1251938879000,0.83514,0.83521,0.83451,0.83481,308150000,8
1251938880000,1251939359000,0.83483,0.83561,0.83446,0.83521,281830000,8
1251939840000,1251940319000,0.83533,0.83537,0.83486,0.83511,114300000,8
1251940800000,1251941279000,0.83496,0.83511,0.83456,0.83466,160260000,8
1251941280000,1251941759000,0.83461,0.83566,0.83461,0.83561,249400000,8
1251941760000,1251942239000,0.83556,0.83581,0.83536,0.83566,152410000,8
1251942240000,1251942719000,0.83571,0.83599,0.83546,0.83581,207780000,8
1251942720000,1251943199000,0.83589,0.83596,0.83559,0.83596,202430000,8
1251957600000,1251958079000,0.83881,0.83894,0.83839,0.83868,209610000,8
1251958080000,1251958559000,0.83866,0.83941,0.83859,0.83926,130170000,8
1251959040000,1251959519000,0.83896,0.83916,0.83846,0.83846,145850000,8
1251959520000,1251959999000,0.83848,0.83871,0.83821,0.83821,225220000,8
1251960000000,1251960479000,0.83826,0.83862,0.83821,0.83836,211400000,8
1251960480000,1251960959000,0.83831,0.83886,0.83766,0.83876,290070000,8
1251964800000,1251965279000,0.84094,0.84176,0.84078,0.84111,329070000,8
1251965280000,1251965759000,0.84116,0.84152,0.84076,0.84136,299680000,8
1251965760000,1251966239000,0.84141,0.84147,0.84072,0.84074,294750000,8
1251966240000,1251966719000,0.84072,0.84146,0.83928,0.83991,548210000,8
1251966720000,1251967199000,0.83994,0.84074,0.83916,0.8393,821320000,8
1251967200000,1251967679000,0.83931,0.84044,0.83868,0.83951,622640000,8
1251967680000,1251968159000,0.83954,0.83977,0.83917,0.83946,339260000,8
1251979200000,1251979679000,0.84031,0.84071,0.83971,0.83976,383250000,8
1251979680000,1251980159000,0.83971,0.84015,0.83916,0.84015,263800000,8
1251980160000,1251980639000,0.84016,0.84035,0.83931,0.83981,258260000,8
1251980640000,1251981119000,0.83982,0.84014,0.83921,0.83921,296150000,8
1251981120000,1251981599000,0.83926,0.83944,0.83888,0.83916,347550000,8
1251981600000,1251982079000,0.83917,0.83964,0.83831,0.83836,295490000,8
1251982080000,1251982559000,0.83841,0.83896,0.83816,0.83862,256450000,8
1251982560000,1251983039000,0.83861,0.83926,0.83811,0.83921,258190000,8
1251983040000,1251983519000,0.83916,0.84006,0.83912,0.84006,203000000,8
1251983520000,1251983999000,0.84011,0.84011,0.83936,0.83966,208440000,8
1251984000000,1251984479000,0.83961,0.84056,0.83961,0.84016,235640000,8
1251984480000,1251984959000,0.84006,0.84021,0.83936,0.83956,194930000,8
1251985440000,1251985919000,0.83916,0.83936,0.83881,0.83916,152390000,8
1251985920000,1251986399000,0.83924,0.83961,0.83916,0.83931,156420000,8
1251986880000,1251987359000,0.83946,0.83946,0.83871,0.83881,108580000,8
1251987360000,1251987839000,0.83877,0.83916,0.83799,0.83831,139370000,8
1251987840000,1251988319000,0.83836,0.83856,0.83821,0.83821,141600000,8
1251988320000,1251988799000,0.83818,0.83856,0.83816,0.83826,124970000,8
1251988800000,1251989279000,0.83821,0.83831,0.83757,0.83831,127700000,8
1251989280000,1251989759000,0.83832,0.83846,0.83786,0.83831,117340000,8
1251993600000,1251994079000,0.83882,0.83921,0.83881,0.83886,129260000,8
1251996480000,1251996959000,0.83966,0.84042,0.83956,0.84026,113010000,8
1251998880000,1251999359000,0.84006,0.84016,0.83952,0.83963,41000000,8
1252003680000,1252004159000,0.83956,0.83986,0.83951,0.83977,26750000,8
1252007520000,1252007999000,0.83941,0.83941,0.83916,0.83936,57360000,8
1252008000000,1252008479000,0.83931,0.83971,0.83921,0.83961,155810000,8
1252008480000,1252008959000,0.83956,0.83976,0.83936,0.83961,152020000,8
1252008960000,1252009439000,0.83966,0.83983,0.83946,0.83971,134690000,8
1252009920000,1252010399000,0.83971,0.83986,0.83946,0.83956,99620000,8
1252010880000,1252011359000,0.83944,0.83951,0.83914,0.83921,133260000,8
1252011360000,1252011839000,0.83926,0.83936,0.83846,0.83911,195040000,8
1252012320000,1252012799000,0.83891,0.83906,0.83799,0.83846,200900000,8
1252012800000,1252013279000,0.83841,0.83871,0.83826,0.83871,150710000,8
1252013280000,1252013759000,0.83866,0.83866,0.83779,0.83841,180560000,8
1252013760000,1252014239000,0.83845,0.83866,0.83831,0.83861,131860000,8
1252014240000,1252014719000,0.83866,0.83898,0.83846,0.83863,143680000,8
1252014720000,1252015199000,0.83865,0.84041,0.83865,0.84038,174640000,8
1252020960000,1252021439000,0.83956,0.83966,0.83916,0.83961,230780000,8
1252021440000,1252021919000,0.83964,0.84026,0.83936,0.83981,185490000,8
1252021920000,1252022399000,0.83976,0.83998,0.83966,0.83986,143710000,8
1252022400000,1252022879000,0.83981,0.84025,0.83976,0.83986,111810000,8
1252022880000,1252023359000,0.83981,0.84001,0.83968,0.83981,118510000,8
1252023840000,1252024319000,0.83984,0.83998,0.83918,0.83927,172420000,8
1252024800000,1252025279000,0.84015,0.8405,0.83975,0.8402,130680000,8
1252025280000,1252025759000,0.84015,0.84041,0.8399,0.84016,89310000,8
1252025760000,1252026239000,0.84021,0.84036,0.83966,0.84001,321450000,8
1252026240000,1252026719000,0.84006,0.84006,0.83963,0.83963,125860000,8
1252027200000,1252027679000,0.83936,0.83949,0.83899,0.83916,240910000,8
1252027680000,1252028159000,0.83921,0.83948,0.83898,0.83906,168010000,8
1252028160000,1252028639000,0.83911,0.83963,0.83906,0.83931,161510000,8
1252028640000,1252029119000,0.83926,0.83981,0.83926,0.83951,159070000,8
1252029120000,1252029599000,0.83946,0.84027,0.83946,0.83976,308540000,8
1252033440000,1252033919000,0.84107,0.84178,0.84106,0.84176,360020000,8
1252033920000,1252034399000,0.84171,0.84176,0.84126,0.84136,296550000,8
1252034400000,1252034879000,0.84138,0.84161,0.84086,0.84091,234470000,8
1252034880000,1252035359000,0.84087,0.84136,0.84076,0.84126,216140000,8
1252035360000,1252035839000,0.84121,0.84179,0.84116,0.84149,321700000,8
1252035840000,1252036319000,0.84146,0.84207,0.84137,0.84158,287070000,8
1252036320000,1252036799000,0.84153,0.84161,0.84116,0.84147,305140000,8
1252036800000,1252037279000,0.84146,0.84217,0.84126,0.84212,247660000,8
1252037280000,1252037759000,0.84217,0.84256,0.84171,0.84221,312580000,8
1252037760000,1252038239000,0.84222,0.84251,0.84176,0.84196,198520000,8
1252038240000,1252038719000,0.84201,0.84201,0.84136,0.84141,172920000,8
1252038720000,1252039199000,0.84138,0.84174,0.84136,0.84173,129990000,8
1252039200000,1252039679000,0.84174,0.84286,0.84168,0.84241,241910000,8
1252039680000,1252040159000,0.84236,0.84242,0.84186,0.84201,258360000,8
1252040160000,1252040639000,0.84206,0.84231,0.84166,0.84203,341290000,8
1252041120000,1252041599000,0.84167,0.84187,0.84142,0.84176,285780000,8
1252041600000,1252042079000,0.84181,0.84196,0.84161,0.84172,268470000,8
1252042080000,1252042559000,0.84171,0.84171,0.84106,0.84121,226660000,8
1252042560000,1252043039000,0.84116,0.84193,0.84111,0.84176,279100000,8
1252043040000,1252043519000,0.8418,0.84204,0.84171,0.84173,147660000,8
1252043520000,1252043999000,0.84179,0.84206,0.84126,0.84131,165070000,8
1252044000000,1252044479000,0.84126,0.84136,0.84074,0.84089,212930000,8
1252044480000,1252044959000,0.84094,0.84144,0.84074,0.84134,214770000,8
1252044960000,1252045439000,0.84137,0.84166,0.84124,0.84164,207640000,8
1252045440000,1252045919000,0.84171,0.84203,0.84151,0.84203,318770000,8
1252046400000,1252046879000,0.84192,0.84214,0.84186,0.84206,115140000,8
1252046880000,1252047359000,0.84211,0.84226,0.84201,0.84221,103350000,8
1252047360000,1252047839000,0.84216,0.84316,0.84216,0.84301,415130000,8
1252048320000,1252048799000,0.84284,0.84351,0.84261,0.84337,273640000,8
1252049280000,1252049759000,0.84301,0.84334,0.84276,0.84323,193010000,8
1252049760000,1252050239000,0.84324,0.84339,0.8429,0.84303,351510000,8
1252050240000,1252050719000,0.84309,0.84379,0.84298,0.84376,421430000,8
1252050720000,1252051199000,0.84369,0.84379,0.84339,0.84363,257870000,8
1252072800000,1252073279000,0.85141,0.85176,0.85106,0.85116,185760000,8
1252073280000,1252073759000,0.85111,0.85151,0.85066,0.85076,122780000,8
1252073760000,1252074239000,0.85081,0.85111,0.85071,0.85086,107830000,8
1252074240000,1252074719000,0.85087,0.85106,0.85051,0.85066,123800000,8
1252075200000,1252075679000,0.85046,0.85121,0.85036,0.85101,123250000,8
1252075680000,1252076159000,0.85098,0.85146,0.85096,0.85141,196900000,8
1252076160000,1252076639000,0.85136,0.85146,0.85112,0.85116,193070000,8
1252076640000,1252077119000,0.85117,0.85131,0.85031,0.85036,222600000,8
1252077120000,1252077599000,0.85031,0.85051,0.85011,0.85046,84140000,8
1252078560000,1252079039000,0.85091,0.85126,0.85081,0.85111,88350000,8
1252079040000,1252079519000,0.85106,0.85146,0.85091,0.85101,131360000,8
1252079520000,1252079999000,0.85096,0.85128,0.85066,0.85071,78540000,8
1252274880000,1252275359000,0.85139,0.85191,0.85124,0.85186,152090000,8
1252275840000,1252276319000,0.85196,0.85225,0.85174,0.85211,97070000,8
1252277760000,1252278239000,0.85191,0.85219,0.85191,0.85204,77530000,8
1252282560000,1252283039000,0.85161,0.85161,0.85131,0.85146,76750000,8
1252287840000,1252288319000,0.85188,0.85188,0.85143,0.85153,134820000,8
1252288800000,1252289279000,0.85166,0.85251,0.85136,0.85241,199660000,8
1252289280000,1252289759000,0.85246,0.85286,0.85196,0.85206,245370000,8
1252289760000,1252290239000,0.85207,0.85278,0.85207,0.85256,186080000,8
1252290240000,1252290719000,0.85251,0.85251,0.85189,0.85208,233730000,8
1252290720000,1252291199000,0.85204,0.85206,0.85096,0.85126,225020000,8
1252291200000,1252291679000,0.85125,0.85171,0.85106,0.85151,231750000,8
1252291680000,1252292159000,0.85148,0.85148,0.85113,0.85136,188150000,8
1252303200000,1252303679000,0.85563,0.85597,0.85511,0.85511,288440000,8
1252303680000,1252304159000,0.85516,0.85536,0.85511,0.85521,180780000,8
1252305120000,1252305599000,0.85531,0.85546,0.85521,0.85536,113940000,8
1252306080000,1252306559000,0.85571,0.85584,0.85541,0.85566,176760000,8
1252317600000,1252318079000,0.85636,0.85674,0.85596,0.85616,170320000,8
1252318560000,1252319039000,0.85621,0.85621,0.85551,0.85561,134500000,8
1252319520000,1252319999000,0.85562,0.85666,0.85562,0.85656,157100000,8
1252320000000,1252320479000,0.85661,0.85661,0.85621,0.85626,81280000,8
1252320480000,1252320959000,0.85631,0.85656,0.85626,0.85646,159890000,8
1252353600000,1252354079000,0.85524,0.85536,0.85456,0.85476,280100000,8
1252354080000,1252354559000,0.85475,0.85497,0.85452,0.85492,179230000,8
1252354560000,1252355039000,0.85493,0.85532,0.85455,0.8547,160340000,8
1252355520000,1252355999000,0.85487,0.85492,0.85455,0.85462,199890000,8
1252356960000,1252357439000,0.85479,0.8549,0.85452,0.8549,119550000,8
1252357440000,1252357919000,0.85486,0.85505,0.85455,0.855,152160000,8
1252357920000,1252358399000,0.85495,0.8552,0.85495,0.8551,96960000,8
1252358880000,1252359359000,0.8546,0.85507,0.85396,0.85426,398590000,8
1252359360000,1252359839000,0.85431,0.85431,0.85295,0.85305,281220000,8
1252359840000,1252360319000,0.853,0.85358,0.85277,0.85342,268860000,8
1252360320000,1252360799000,0.85337,0.85365,0.85336,0.85356,143330000,8
1252360800000,1252361279000,0.85361,0.85429,0.85361,0.85416,169370000,8
1252361760000,1252362239000,0.85383,0.85464,0.85383,0.85411,136670000,8
1252363200000,1252363679000,0.85429,0.85449,0.85428,0.85444,41660000,8
1252363680000,1252364159000,0.85441,0.85466,0.85426,0.85438,64060000,8
1252366080000,1252366559000,0.85412,0.85457,0.85411,0.85438,120800000,8
1252368000000,1252368479000,0.85477,0.85477,0.85441,0.85441,124910000,8
1252368960000,1252369439000,0.85437,0.85466,0.85426,0.85451,115090000,8
1252369440000,1252369919000,0.85456,0.85503,0.85451,0.85496,179650000,8
1252369920000,1252370399000,0.85498,0.85508,0.85446,0.85456,232140000,8
1252370400000,1252370879000,0.85451,0.85456,0.85417,0.85427,71810000,8
1252370880000,1252371359000,0.8543,0.85458,0.8543,0.85453,77290000,8
1252371840000,1252372319000,0.85441,0.85466,0.85438,0.85461,117280000,8
1252372800000,1252373279000,0.85473,0.85513,0.85466,0.85496,182290000,8
1252373280000,1252373759000,0.85501,0.85581,0.85486,0.85556,213130000,8
1252373760000,1252374239000,0.85561,0.85576,0.85545,0.85571,132900000,8
1252374240000,1252374719000,0.85561,0.85651,0.85561,0.85646,231280000,8
1252374720000,1252375199000,0.85651,0.85676,0.85594,0.85656,435250000,8
1252396800000,1252397279000,0.86274,0.86321,0.86264,0.86296,227830000,8
1252397280000,1252397759000,0.86301,0.86322,0.86271,0.86286,380030000,8
1252397760000,1252398239000,0.86287,0.86301,0.86223,0.86231,514530000,8
1252398720000,1252399199000,0.86296,0.86386,0.86266,0.86316,573140000,8
1252399200000,1252399679000,0.86311,0.86376,0.86306,0.86336,365310000,8
1252399680000,1252400159000,0.86331,0.86466,0.86331,0.86461,507770000,8
1252415040000,1252415519000,0.86381,0.86384,0.86301,0.86331,268450000,8
1252415520000,1252415999000,0.86326,0.86371,0.86266,0.86341,323540000,8
1252416000000,1252416479000,0.86336,0.86366,0.86266,0.86329,274440000,8
1252416480000,1252416959000,0.86328,0.86328,0.86271,0.86286,156490000,8
1252416960000,1252417439000,0.86281,0.86332,0.86246,0.86301,202410000,8
1252417440000,1252417919000,0.86297,0.86298,0.86258,0.86276,375350000,8
1252417920000,1252418399000,0.86273,0.86376,0.86258,0.86361,253130000,8
1252427520000,1252427999000,0.86214,0.86246,0.86196,0.86224,95020000,8
1252428000000,1252428479000,0.86226,0.86232,0.86166,0.86176,68570000,8
1252432800000,1252433279000,0.86182,0.86211,0.86176,0.86206,60360000,8
1252433760000,1252434239000,0.86201,0.86201,0.86127,0.86156,73200000,8
1252434240000,1252434719000,0.86166,0.86216,0.86166,0.86211,129400000,8
1252435200000,1252435679000,0.86266,0.86366,0.86266,0.86331,93420000,8
1252436160000,1252436639000,0.86351,0.86446,0.86351,0.86421,117980000,8
1252436640000,1252437119000,0.86426,0.86456,0.86406,0.8644,89330000,8
1252439040000,1252439519000,0.86411,0.86416,0.86381,0.86396,106700000,8
1252440000000,1252440479000,0.86321,0.86324,0.86264,0.86279,133750000,8
1252440480000,1252440959000,0.86277,0.86306,0.86259,0.86279,138310000,8
1252440960000,1252441439000,0.86274,0.86356,0.86254,0.86316,194890000,8
1252441440000,1252441919000,0.86309,0.86373,0.86306,0.86351,116590000,8
1252442400000,1252442879000,0.86343,0.86411,0.86341,0.86381,153330000,8
1252442880000,1252443359000,0.86384,0.86431,0.86371,0.86426,222090000,8
1252447200000,1252447679000,0.86135,0.86136,0.86045,0.86053,301700000,8
1252447680000,1252448159000,0.86058,0.86102,0.85952,0.85991,277810000,8
1252448160000,1252448639000,0.85986,0.86003,0.85908,0.85938,219460000,8
1252448640000,1252449119000,0.85933,0.86068,0.85928,0.86036,220950000,8
1252449120000,1252449599000,0.86041,0.86076,0.86011,0.86016,104170000,8
1252449600000,1252450079000,0.86014,0.86014,0.85946,0.85976,135070000,8
1252450080000,1252450559000,0.85981,0.86081,0.85976,0.86056,249650000,8
1252450560000,1252451039000,0.86055,0.86078,0.86006,0.86033,273850000,8
1252451040000,1252451519000,0.86038,0.86063,0.85988,0.86017,184440000,8
1252452000000,1252452479000,0.85941,0.86003,0.85934,0.85973,121920000,8
1252452480000,1252452959000,0.85983,0.85988,0.85911,0.85917,216250000,8
1252452960000,1252453439000,0.85916,0.85943,0.85871,0.85928,320730000,8
1252453440000,1252453919000,0.85918,0.85953,0.85903,0.85926,175130000,8
1252453920000,1252454399000,0.85931,0.85931,0.85851,0.85861,276620000,8
1252454400000,1252454879000,0.85862,0.85876,0.85836,0.85858,231680000,8
1252454880000,1252455359000,0.8586,0.85906,0.85843,0.85888,151510000,8
1252455360000,1252455839000,0.85878,0.85908,0.85868,0.85883,237740000,8
1252455840000,1252456319000,0.85889,0.85896,0.85866,0.85886,104860000,8
1252456320000,1252456799000,0.85891,0.85951,0.85881,0.85921,199860000,8
1252456800000,1252457279000,0.85913,0.85956,0.85901,0.85906,181910000,8
1252457280000,1252457759000,0.85901,0.85918,0.85876,0.85903,179980000,8
1252458240000,1252458719000,0.85896,0.85966,0.85886,0.85926,174700000,8
1252459680000,1252460159000,0.85896,0.86001,0.85896,0.85946,274800000,8
1252460160000,1252460639000,0.85948,0.85981,0.85926,0.85931,255770000,8
1252460640000,1252461119000,0.85935,0.86006,0.85931,0.85978,340200000,8
1252461120000,1252461599000,0.85982,0.86008,0.85948,0.85998,299110000,8
1252465440000,1252465919000,0.85801,0.85856,0.85781,0.85806,650550000,8
1252465920000,1252466399000,0.85801,0.85901,0.85786,0.85886,466820000,8
1252466400000,1252466879000,0.85891,0.85906,0.85701,0.85721,514530000,8
1252466880000,1252467359000,0.85722,0.85746,0.85657,0.85672,631150000,8
1252467360000,1252467839000,0.85671,0.85764,0.85649,0.85764,568600000,8
1252467840000,1252468319000,0.85769,0.85829,0.85737,0.85742,461580000,8
1252468320000,1252468799000,0.85741,0.8584,0.85704,0.85833,405710000,8
1252468800000,1252469279000,0.85837,0.85861,0.85773,0.8582,324900000,8
1252469280000,1252469759000,0.85816,0.85821,0.85706,0.85781,465140000,8
1252469760000,1252470239000,0.85776,0.85826,0.85741,0.85776,320460000,8
1252470240000,1252470719000,0.85779,0.85821,0.85764,0.85821,415790000,8
1252471200000,1252471679000,0.85843,0.85858,0.85813,0.85828,258340000,8
1252471680000,1252472159000,0.85833,0.85903,0.85823,0.85866,290510000,8
1252476000000,1252476479000,0.85977,0.86004,0.85966,0.85973,220130000,8
1252476960000,1252477439000,0.85941,0.85976,0.85919,0.85947,296990000,8
1252477920000,1252478399000,0.85976,0.8599,0.85924,0.85963,271240000,8
1252478880000,1252479359000,0.85958,0.85966,0.85919,0.85954,167510000,8
1252497600000,1252498079000,0.86362,0.86376,0.86301,0.86331,439690000,8
1252498080000,1252498559000,0.86327,0.86356,0.86298,0.86341,289900000,8
1252499040000,1252499519000,0.86336,0.86371,0.86326,0.86351,185570000,8
1252499520000,1252499999000,0.86347,0.86356,0.86321,0.86336,272500000,8
1252500000000,1252500479000,0.86341,0.86371,0.86336,0.86356,191110000,8
1252515840000,1252516319000,0.86117,0.86264,0.86047,0.86243,229350000,8
1252516800000,1252517279000,0.86302,0.86333,0.8622,0.8625,108510000,8
1252517280000,1252517759000,0.86262,0.86287,0.8626,0.86264,59940000,8
1252520640000,1252521119000,0.86208,0.86208,0.86141,0.86166,79510000,8
1252522560000,1252523039000,0.86206,0.86208,0.86161,0.86166,102540000,8
1252523520000,1252523999000,0.86151,0.86151,0.86106,0.86138,80100000,8
1252524000000,1252524479000,0.86141,0.86178,0.86138,0.86158,78090000,8
1252525440000,1252525919000,0.8618,0.86198,0.86166,0.86171,62580000,8
1252525920000,1252526399000,0.86176,0.86181,0.86146,0.86181,91330000,8
1252526400000,1252526879000,0.86185,0.86208,0.86183,0.86198,96630000,8
1252527360000,1252527839000,0.86191,0.86266,0.86191,0.86236,254190000,8
1252527840000,1252528319000,0.86234,0.86257,0.86204,0.86257,186480000,8
1252528320000,1252528799000,0.86256,0.86303,0.86236,0.86276,207820000,8
1252528800000,1252529279000,0.86271,0.86276,0.86221,0.86276,126770000,8
1252529280000,1252529759000,0.86271,0.86326,0.86266,0.86296,130770000,8
1252529760000,1252530239000,0.86301,0.86381,0.86296,0.86356,135950000,8
1252530240000,1252530719000,0.86361,0.86384,0.86346,0.86356,194360000,8
1252530720000,1252531199000,0.86351,0.86356,0.86201,0.86216,216160000,8
1252531200000,1252531679000,0.86211,0.86216,0.86082,0.86128,369270000,8
1252531680000,1252532159000,0.86125,0.86215,0.85774,0.85814,1268190000,8
1252532160000,1252532639000,0.85813,0.85936,0.85808,0.85919,528760000,8
1252532640000,1252533119000,0.85924,0.85997,0.85924,0.85936,416790000,8
1252533120000,1252533599000,0.85928,0.85928,0.85876,0.85901,310030000,8
1252533600000,1252534079000,0.85896,0.85896,0.85846,0.85893,200530000,8
1252534080000,1252534559000,0.85894,0.85978,0.85894,0.85931,161500000,8
1252534560000,1252535039000,0.85935,0.85954,0.85896,0.85948,192660000,8
1252535040000,1252535519000,0.85953,0.86008,0.85941,0.85946,183480000,8
1252536000000,1252536479000,0.85971,0.85986,0.85895,0.8592,137820000,8
1252536480000,1252536959000,0.85915,0.85925,0.85876,0.85901,133460000,8
1252537440000,1252537919000,0.85919,0.85946,0.85878,0.85921,124010000,8
1252537920000,1252538399000,0.85926,0.85966,0.85917,0.85926,133120000,8
1252538880000,1252539359000,0.85919,0.85951,0.85905,0.85936,117130000,8
1252539360000,1252539839000,0.85941,0.85966,0.85936,0.85966,91320000,8
1252540320000,1252540799000,0.86011,0.86061,0.86001,0.8601,242630000,8
1252544640000,1252545119000,0.85991,0.85998,0.85956,0.85993,259720000,8
1252545120000,1252545599000,0.85994,0.86026,0.85976,0.86004,124240000,8
1252546080000,1252546559000,0.86006,0.86016,0.85994,0.86001,136260000,8
1252546560000,1252547039000,0.85996,0.86031,0.85991,0.86011,177180000,8
1252547040000,1252547519000,0.86006,0.86038,0.85966,0.86028,186040000,8
1252547520000,1252547999000,0.86033,0.86063,0.85981,0.86046,326440000,8
1252555200000,1252555679000,0.85864,0.85954,0.85776,0.85921,550800000,8
1252555680000,1252556159000,0.85925,0.85946,0.8582,0.85841,295110000,8
1252556160000,1252556639000,0.85842,0.85852,0.85786,0.85821,390230000,8
1252556640000,1252557119000,0.85816,0.85821,0.85656,0.85721,563500000,8
1252557120000,1252557599000,0.85719,0.85751,0.85701,0.85751,252130000,8
1252557600000,1252558079000,0.8575,0.85796,0.85734,0.85791,300290000,8
1252558080000,1252558559000,0.85792,0.85799,0.85761,0.85791,193800000,8
1252576800000,1252577279000,0.85752,0.85801,0.85706,0.85722,569720000,8
1252577280000,1252577759000,0.85721,0.85744,0.85671,0.85726,714430000,8
1252577760000,1252578239000,0.85731,0.85746,0.85676,0.85681,420750000,8
1252578240000,1252578719000,0.85678,0.85721,0.85626,0.85686,665650000,8
1252578720000,1252579199000,0.85684,0.85804,0.85616,0.85801,511580000,8
1252579200000,1252579679000,0.85796,0.85844,0.85766,0.85811,489630000,8
1252579680000,1252580159000,0.85806,0.86019,0.85791,0.85996,688570000,8
1252580160000,1252580639000,0.85983,0.86007,0.85921,0.8593,720090000,8
1252580640000,1252581119000,0.85931,0.86076,0.85931,0.85976,705110000,8
1252581120000,1252581599000,0.8598,0.85994,0.85931,0.85976,470910000,8
1252581600000,1252582079000,0.8598,0.85994,0.85886,0.85907,384640000,8
1252582080000,1252582559000,0.85906,0.85948,0.85883,0.85936,346700000,8
1252582560000,1252583039000,0.85935,0.85986,0.85916,0.85916,476250000,8
1252583040000,1252583519000,0.85924,0.86032,0.85916,0.85986,346770000,8
1252583520000,1252583999000,0.85981,0.85986,0.85918,0.85943,281730000,8
1252584000000,1252584479000,0.85944,0.85996,0.85936,0.85971,227460000,8
1252584480000,1252584959000,0.85968,0.85986,0.85916,0.85936,131860000,8
1252584960000,1252585439000,0.85941,0.85981,0.85901,0.85981,163870000,8
1252585440000,1252585919000,0.85976,0.86036,0.85966,0.86016,181340000,8
1252585920000,1252586399000,0.86021,0.86082,0.86016,0.86081,132680000,8
1252586400000,1252586879000,0.86086,0.86261,0.86081,0.86226,579950000,8
1252586880000,1252587359000,0.86231,0.86291,0.86186,0.86256,504890000,8
1252591200000,1252591679000,0.864,0.86444,0.8638,0.86429,330190000,8
1252591680000,1252592159000,0.86426,0.86426,0.86338,0.86354,179350000,8
1252593600000,1252594079000,0.86299,0.86344,0.86276,0.86281,137070000,8
1252594080000,1252594559000,0.86276,0.86316,0.86256,0.86291,110970000,8
1252598400000,1252598879000,0.86361,0.86382,0.86348,0.86361,100890000,8
1252598880000,1252599359000,0.86356,0.86376,0.86352,0.86367,50640000,8
1252604640000,1252605119000,0.86316,0.86321,0.86297,0.86306,24440000,8
1252609920000,1252610399000,0.86206,0.86216,0.86196,0.86206,61270000,8
1252610880000,1252611359000,0.86216,0.86266,0.86201,0.86246,112070000,8
1252612320000,1252612799000,0.86202,0.86263,0.86196,0.86224,113660000,8
1252613280000,1252613759000,0.86176,0.86186,0.86131,0.86156,103260000,8
1252613760000,1252614239000,0.86151,0.86158,0.86126,0.86141,87820000,8
1252614240000,1252614719000,0.86136,0.86148,0.86106,0.86131,222170000,8
1252614720000,1252615199000,0.86135,0.86173,0.86126,0.86168,137350000,8
1252615200000,1252615679000,0.86173,0.86198,0.86146,0.86161,114190000,8
1252615680000,1252616159000,0.86166,0.86173,0.86127,0.86153,266170000,8
1252616160000,1252616639000,0.86148,0.86148,0.86086,0.86106,155070000,8
1252617120000,1252617599000,0.86101,0.86181,0.86096,0.86128,145830000,8
1252617600000,1252618079000,0.86118,0.86153,0.86101,0.86111,146680000,8
1252618560000,1252619039000,0.86106,0.86137,0.86066,0.86106,93520000,8
1252619040000,1252619519000,0.86111,0.86158,0.86111,0.86141,109170000,8
1252619520000,1252619999000,0.86136,0.86148,0.86111,0.86126,75420000,8
1252623840000,1252624319000,0.86443,0.86479,0.86426,0.86426,175840000,8
1252624320000,1252624799000,0.86431,0.86466,0.86431,0.86451,74800000,8
1252625280000,1252625759000,0.86401,0.86418,0.86356,0.86366,264120000,8
1252626240000,1252626719000,0.86408,0.86408,0.86366,0.86371,135620000,8
1252626720000,1252627199000,0.86372,0.86428,0.86371,0.86423,205870000,8
1252634400000,1252634879000,0.86481,0.86518,0.86462,0.86503,333290000,8
1252634880000,1252635359000,0.86498,0.86498,0.86411,0.86411,266430000,8
1252635360000,1252635839000,0.86404,0.86438,0.86303,0.86338,434810000,8
1252635840000,1252636319000,0.86333,0.86416,0.86286,0.86338,424940000,8
1252636320000,1252636799000,0.86348,0.86378,0.86306,0.86316,252820000,8
1252636800000,1252637279000,0.86315,0.8635,0.86218,0.86223,417650000,8
1252637280000,1252637759000,0.86228,0.86298,0.86218,0.86258,265990000,8
1252637760000,1252638239000,0.86255,0.86334,0.86228,0.86291,380840000,8
1252638240000,1252638719000,0.86286,0.86377,0.86231,0.86341,578880000,8
1252638720000,1252639199000,0.86344,0.86409,0.86326,0.86342,623240000,8
1252639200000,1252639679000,0.86341,0.86346,0.86286,0.86321,445230000,8
1252639680000,1252640159000,0.86324,0.86386,0.86292,0.86326,347180000,8
1252640160000,1252640639000,0.86321,0.86361,0.8625,0.86336,428930000,8
1252640640000,1252641119000,0.86333,0.86361,0.86286,0.86301,302470000,8
1252641120000,1252641599000,0.86306,0.86326,0.86296,0.86311,353520000,8
1252641600000,1252642079000,0.86312,0.86345,0.86286,0.86296,423640000,8
1252642080000,1252642559000,0.86291,0.86332,0.86241,0.86241,411000000,8
1252642560000,1252643039000,0.86236,0.86241,0.86172,0.86206,479170000,8
1252643040000,1252643519000,0.86201,0.86213,0.86138,0.86157,326290000,8
1252643520000,1252643999000,0.86156,0.86244,0.86131,0.86229,474230000,8
1252644000000,1252644479000,0.86226,0.86269,0.86161,0.86181,354080000,8
1252644480000,1252644959000,0.86177,0.86251,0.86176,0.86221,482660000,8
1252652640000,1252653119000,0.86471,0.86504,0.86411,0.86459,398910000,8
1252653120000,1252653599000,0.86456,0.86516,0.86434,0.86443,433320000,8
1252653600000,1252654079000,0.86441,0.86451,0.86388,0.86406,164190000,8
1252654080000,1252654559000,0.86396,0.86406,0.86331,0.86336,347890000,8
1252654560000,1252655039000,0.86341,0.86401,0.86331,0.86382,428860000,8
1252655040000,1252655519000,0.86387,0.86431,0.86377,0.86416,365960000,8
1252655520000,1252655999000,0.86421,0.86456,0.86416,0.86426,273060000,8
1252677600000,1252678079000,0.86331,0.86401,0.86307,0.86391,318200000,8
1252678080000,1252678559000,0.86394,0.86446,0.86391,0.86401,211650000,8
1252678560000,1252679039000,0.86402,0.86426,0.86381,0.86406,231790000,8
1252679040000,1252679519000,0.86411,0.86426,0.86361,0.86406,220810000,8
1252679520000,1252679999000,0.86416,0.86421,0.86371,0.86386,130790000,8
1252680000000,1252680479000,0.86381,0.86431,0.86361,0.86421,78530000,8
1252680480000,1252680959000,0.86416,0.86436,0.86401,0.86411,86020000,8
1252879680000,1252880159000,0.85731,0.85756,0.85691,0.85734,190070000,8
1252880160000,1252880639000,0.85741,0.85786,0.85733,0.85783,103960000,8
1252881600000,1252882079000,0.85696,0.85736,0.85686,0.85736,70680000,8
1252884000000,1252884479000,0.85681,0.85746,0.85671,0.85736,61410000,8
1252884480000,1252884959000,0.85746,0.85776,0.85731,0.85731,152970000,8
1252884960000,1252885439000,0.85736,0.85821,0.85731,0.85821,130780000,8
1252885440000,1252885919000,0.85816,0.85821,0.85786,0.85786,87190000,8
1252929600000,1252930079000,0.86011,0.86056,0.85971,0.85991,248480000,8
1252930080000,1252930559000,0.85986,0.86006,0.85941,0.85991,279410000,8
1252930560000,1252931039000,0.85996,0.86076,0.85996,0.86071,177100000,8
1252931040000,1252931519000,0.86066,0.86066,0.85991,0.86036,263960000,8
1252932480000,1252932959000,0.85991,0.86001,0.85911,0.85966,217050000,8
1252932960000,1252933439000,0.85961,0.86001,0.85936,0.85966,228150000,8
1252933440000,1252933919000,0.85961,0.85981,0.85936,0.85966,142960000,8
1252933920000,1252934399000,0.85959,0.85961,0.85876,0.85886,121300000,8
1252934400000,1252934879000,0.85891,0.85911,0.85868,0.85911,129920000,8
1252934880000,1252935359000,0.85906,0.85971,0.85886,0.85956,221870000,8
1252935360000,1252935839000,0.85951,0.86006,0.85921,0.85926,180150000,8
1252935840000,1252936319000,0.85931,0.85946,0.85891,0.85911,156430000,8
1252936320000,1252936799000,0.85916,0.85926,0.85831,0.85846,265150000,8
1252948800000,1252949279000,0.86141,0.86166,0.86128,0.86132,43440000,8
1252950240000,1252950719000,0.86191,0.86191,0.86137,0.86161,43450000,8
1252954560000,1252955039000,0.86136,0.86194,0.86134,0.86184,115130000,8
1252956480000,1252956959000,0.86146,0.86196,0.86146,0.86156,40320000,8
1252965600000,1252966079000,0.86096,0.86126,0.86086,0.86111,105160000,8
1252966080000,1252966559000,0.86114,0.86116,0.86056,0.86061,127980000,8
1252967040000,1252967519000,0.86026,0.86051,0.85948,0.85956,163860000,8
1252967520000,1252967999000,0.85951,0.86011,0.85936,0.85981,114030000,8
1252969440000,1252969919000,0.85917,0.85956,0.85866,0.85946,238680000,8
1252969920000,1252970399000,0.85941,0.85971,0.85936,0.85971,77840000,8
1252970880000,1252971359000,0.85977,0.86046,0.85966,0.86026,152530000,8
1252972320000,1252972799000,0.86041,0.86096,0.86036,0.86089,113760000,8
1252972800000,1252973279000,0.86093,0.86096,0.86066,0.86071,150850000,8
1252973280000,1252973759000,0.86073,0.86091,0.86046,0.86086,164830000,8
1252973760000,1252974239000,0.86081,0.86181,0.86076,0.86166,192760000,8
1252974240000,1252974719000,0.86171,0.86186,0.86136,0.86151,95420000,8
1252974720000,1252975199000,0.86146,0.86161,0.86111,0.86126,125250000,8
1252975200000,1252975679000,0.86122,0.86144,0.86101,0.86108,271170000,8
1252975680000,1252976159000,0.86119,0.86131,0.86102,0.86131,147890000,8
1252976160000,1252976639000,0.8613,0.86136,0.86086,0.86091,219180000,8
1252976640000,1252977119000,0.86087,0.86096,0.86028,0.86028,169090000,8
1252978080000,1252978559000,0.86073,0.86088,0.86061,0.86083,147570000,8
1252978560000,1252979039000,0.86081,0.86184,0.86062,0.86146,320640000,8
1252979040000,1252979519000,0.86151,0.86181,0.86136,0.86181,276370000,8
1252979520000,1252979999000,0.86185,0.86233,0.86166,0.86186,277670000,8
1252983840000,1252984319000,0.86121,0.86141,0.86086,0.86096,383940000,8
1252984320000,1252984799000,0.86101,0.86156,0.86081,0.86101,306250000,8
1252984800000,1252985279000,0.86108,0.86156,0.86086,0.86136,455750000,8
1252985280000,1252985759000,0.86131,0.86131,0.86066,0.86086,225490000,8
1252985760000,1252986239000,0.86081,0.86086,0.85897,0.8591,516490000,8
1252986240000,1252986719000,0.85915,0.85993,0.85898,0.85993,397890000,8
1252986720000,1252987199000,0.85996,0.86003,0.85953,0.85984,300240000,8
1253016000000,1253016479000,0.86011,0.86036,0.85996,0.86004,367020000,8
1253016480000,1253016959000,0.86002,0.86041,0.85957,0.85981,250940000,8
1253017440000,1253017919000,0.85939,0.85976,0.85931,0.85956,228810000,8
1253017920000,1253018399000,0.85964,0.8598,0.85926,0.85941,203260000,8
1253018400000,1253018879000,0.85936,0.86031,0.85936,0.86001,281070000,8
1253018880000,1253019359000,0.85996,0.86139,0.85986,0.86121,469310000,8
1253032320000,1253032799000,0.86411,0.86422,0.86358,0.86368,91900000,8
1253033280000,1253033759000,0.86351,0.86351,0.86306,0.86306,70020000,8
1253037120000,1253037599000,0.86244,0.86311,0.86244,0.86311,64310000,8
1253041440000,1253041919000,0.86311,0.86321,0.86277,0.86316,81990000,8
1253042880000,1253043359000,0.86396,0.86436,0.86396,0.86411,73840000,8
1253044320000,1253044799000,0.86451,0.86456,0.86421,0.86431,77350000,8
1253044800000,1253045279000,0.86435,0.86436,0.86386,0.86395,221130000,8
1253045280000,1253045759000,0.86386,0.86481,0.86386,0.86451,228860000,8
1253045760000,1253046239000,0.86447,0.86536,0.86441,0.86486,271310000,8
1253046240000,1253046719000,0.86491,0.86511,0.86466,0.86501,131660000,8
1253046720000,1253047199000,0.86496,0.86501,0.86466,0.86481,95260000,8
1253047200000,1253047679000,0.86485,0.86506,0.86467,0.86506,115960000,8
1253047680000,1253048159000,0.86511,0.86536,0.86485,0.86494,146390000,8
1253048160000,1253048639000,0.86503,0.86585,0.86503,0.86566,246290000,8
1253048640000,1253049119000,0.86571,0.86586,0.86546,0.86561,175970000,8
1253050080000,1253050559000,0.86481,0.86516,0.86466,0.86481,177120000,8
1253050560000,1253051039000,0.86486,0.86511,0.86401,0.86436,176010000,8
1253051040000,1253051519000,0.86441,0.86446,0.86401,0.86426,141980000,8
1253051520000,1253051999000,0.86431,0.86457,0.86416,0.86447,159270000,8
1253052000000,1253052479000,0.86451,0.86456,0.86416,0.86436,101440000,8
1253052960000,1253053439000,0.86426,0.86426,0.86386,0.86411,74570000,8
1253053920000,1253054399000,0.86421,0.86421,0.86367,0.86376,87650000,8
1253054400000,1253054879000,0.86381,0.86401,0.86357,0.86376,97330000,8
1253059200000,1253059679000,0.86631,0.86651,0.86591,0.86601,287560000,8
1253059680000,1253060159000,0.86596,0.86616,0.86576,0.86616,173900000,8
1253060160000,1253060639000,0.86615,0.86615,0.86566,0.86596,219750000,8
1253060640000,1253061119000,0.86589,0.86626,0.86561,0.86611,164170000,8
1253061120000,1253061599000,0.86615,0.86616,0.86566,0.86571,221950000,8
1253061600000,1253062079000,0.86567,0.86601,0.86526,0.86541,255140000,8
1253062080000,1253062559000,0.86545,0.86576,0.86516,0.86536,132890000,8
1253062560000,1253063039000,0.86542,0.86602,0.86526,0.86598,273860000,8
1253063040000,1253063519000,0.86596,0.86598,0.86516,0.86541,332940000,8
1253063520000,1253063999000,0.86545,0.86581,0.86526,0.86566,191970000,8
1253064000000,1253064479000,0.86567,0.86576,0.86541,0.86541,169560000,8
1253064480000,1253064959000,0.86545,0.86586,0.86541,0.86556,174530000,8
1253065440000,1253065919000,0.86586,0.86606,0.86556,0.86591,204790000,8
1253065920000,1253066399000,0.86587,0.86604,0.86561,0.86596,249910000,8
1253109600000,1253110079000,0.87341,0.87416,0.87332,0.87406,288210000,8
1253110560000,1253111039000,0.87399,0.87456,0.87386,0.87431,148080000,8
1253111040000,1253111519000,0.87426,0.87444,0.87381,0.87391,157090000,8
1253111520000,1253111999000,0.87396,0.87461,0.87371,0.87441,338540000,8
1253112000000,1253112479000,0.87446,0.87471,0.87396,0.87421,188120000,8
1253112480000,1253112959000,0.87416,0.87441,0.87396,0.87411,222030000,8
1253112960000,1253113439000,0.87406,0.87426,0.87351,0.87371,266230000,8
1253113440000,1253113919000,0.87372,0.87376,0.87341,0.87371,134030000,8
1253113920000,1253114399000,0.87376,0.87386,0.87351,0.87371,169750000,8
1253114400000,1253114879000,0.87366,0.87436,0.87366,0.87422,201380000,8
1253114880000,1253115359000,0.87424,0.87466,0.87421,0.87456,207170000,8
1253115840000,1253116319000,0.87446,0.87476,0.87437,0.87461,161980000,8
1253116320000,1253116799000,0.87456,0.87481,0.87451,0.87466,87390000,8
1253116800000,1253117279000,0.87461,0.87466,0.87446,0.87456,38220000,8
1253119200000,1253119679000,0.87456,0.87494,0.87421,0.87421,181670000,8
1253119680000,1253120159000,0.87423,0.87431,0.87371,0.87371,164880000,8
1253120640000,1253121119000,0.87369,0.87369,0.87331,0.87366,41670000,8
1253121120000,1253121599000,0.87369,0.87369,0.87291,0.87311,56050000,8
1253124960000,1253125439000,0.87256,0.87311,0.87252,0.87282,144890000,8
1253125440000,1253125919000,0.87281,0.87292,0.87251,0.87256,69450000,8
1253125920000,1253126399000,0.87255,0.87255,0.87226,0.87236,62290000,8
1253127360000,1253127839000,0.87226,0.87231,0.87201,0.87206,92600000,8
1253128800000,1253129279000,0.87251,0.87253,0.87241,0.87246,92520000,8
1253129760000,1253130239000,0.87257,0.87336,0.87255,0.87331,76750000,8
1253130240000,1253130719000,0.87326,0.87419,0.87301,0.87311,268600000,8
1253130720000,1253131199000,0.87314,0.87361,0.87261,0.87296,133150000,8
1253131200000,1253131679000,0.87286,0.87311,0.87261,0.87301,142140000,8
1253131680000,1253132159000,0.87296,0.87331,0.87281,0.87321,111020000,8
1253132160000,1253132639000,0.87324,0.87386,0.87316,0.87361,152120000,8
1253132640000,1253133119000,0.87356,0.87446,0.87351,0.87386,176670000,8
1253133120000,1253133599000,0.87391,0.87446,0.87386,0.87401,194940000,8
1253133600000,1253134079000,0.87396,0.87406,0.87326,0.87326,123070000,8
1253134080000,1253134559000,0.87331,0.87383,0.87316,0.87357,232640000,8
1253134560000,1253135039000,0.87358,0.87411,0.87356,0.87401,135720000,8
1253135520000,1253135999000,0.87383,0.87386,0.87336,0.87356,94530000,8
1253136000000,1253136479000,0.87351,0.87356,0.87326,0.87349,86960000,8
1253136480000,1253136959000,0.87346,0.87391,0.87333,0.87374,182510000,8
1253137440000,1253137919000,0.87356,0.87396,0.87351,0.87361,112950000,8
1253137920000,1253138399000,0.87356,0.87361,0.87326,0.87341,121090000,8
1253138400000,1253138879000,0.87343,0.87381,0.87331,0.87381,75980000,8
1253138880000,1253139359000,0.87385,0.87516,0.87385,0.87496,217200000,8
1253139360000,1253139839000,0.87489,0.87538,0.87466,0.87471,170880000,8
1253139840000,1253140319000,0.87476,0.87561,0.87471,0.87531,167510000,8
1253140320000,1253140799000,0.87534,0.87552,0.87496,0.87531,142990000,8
1253140800000,1253141279000,0.87526,0.87531,0.87481,0.87481,46560000,8
1253141280000,1253141759000,0.87476,0.87536,0.87471,0.87501,150070000,8
1253141760000,1253142239000,0.87506,0.87521,0.87456,0.87516,185670000,8
1253142240000,1253142719000,0.87521,0.87526,0.87461,0.87491,189670000,8
1253143200000,1253143679000,0.87516,0.87561,0.87501,0.87526,88590000,8
1253143680000,1253144159000,0.87531,0.87537,0.87516,0.87531,160950000,8
1253144160000,1253144639000,0.87529,0.87561,0.87494,0.87506,299850000,8
1253144640000,1253145119000,0.87508,0.87514,0.87456,0.87488,292410000,8
1253145120000,1253145599000,0.87486,0.87491,0.87424,0.87435,310600000,8
1253145600000,1253146079000,0.87429,0.87466,0.87386,0.87391,283590000,8
1253146080000,1253146559000,0.87386,0.87417,0.87356,0.87401,220000000,8
1253146560000,1253147039000,0.87396,0.87407,0.87357,0.87402,219160000,8
1253147040000,1253147519000,0.87407,0.87462,0.87397,0.87462,175850000,8
1253147520000,1253147999000,0.87456,0.87488,0.87436,0.87466,246010000,8
1253148000000,1253148479000,0.87464,0.87485,0.87459,0.87464,86020000,8
1253160000000,1253160479000,0.87548,0.87576,0.87536,0.87561,169980000,8
1253160480000,1253160959000,0.87556,0.87566,0.87496,0.87501,263760000,8
1253160960000,1253161439000,0.87504,0.87541,0.87501,0.87521,292770000,8
1253161440000,1253161919000,0.87526,0.87536,0.87436,0.87473,364750000,8
1253161920000,1253162399000,0.87471,0.87486,0.87431,0.87481,246880000,8
1253162400000,1253162879000,0.87476,0.87554,0.87471,0.87537,202250000,8
1253162880000,1253163359000,0.87536,0.87551,0.87471,0.87476,276250000,8
1253163360000,1253163839000,0.8748,0.87522,0.87476,0.87486,311260000,8
1253163840000,1253164319000,0.87481,0.87506,0.87451,0.87461,308640000,8
1253164320000,1253164799000,0.87456,0.8747,0.87426,0.87436,234500000,8
1253164800000,1253165279000,0.87441,0.87476,0.87406,0.87416,197930000,8
1253165280000,1253165759000,0.87421,0.87471,0.87396,0.87421,381060000,8
1253165760000,1253166239000,0.87417,0.87426,0.87386,0.87418,128940000,8
1253166240000,1253166719000,0.87414,0.87418,0.87386,0.87386,137930000,8
1253166720000,1253167199000,0.87389,0.87411,0.87326,0.87331,255690000,8
1253196000000,1253196479000,0.87111,0.87136,0.87086,0.87116,85460000,8
1253196480000,1253196959000,0.87111,0.87131,0.87066,0.87126,137560000,8
1253196960000,1253197439000,0.87118,0.87141,0.87086,0.87116,106650000,8
1253197440000,1253197919000,0.87119,0.87171,0.87086,0.87136,169350000,8
1253197920000,1253198399000,0.87143,0.87186,0.87126,0.87126,117200000,8
1253198400000,1253198879000,0.87121,0.87226,0.87116,0.87216,180410000,8
1253198880000,1253199359000,0.87221,0.87281,0.87221,0.87261,100540000,8
1253199360000,1253199839000,0.87256,0.87266,0.87191,0.87206,143960000,8
1253199840000,1253200319000,0.87201,0.87211,0.87126,0.87131,91850000,8
1253200800000,1253201279000,0.87101,0.87136,0.87088,0.87101,162890000,8
1253201760000,1253202239000,0.87043,0.87062,0.86981,0.86991,149800000,8
1253202240000,1253202719000,0.86994,0.87046,0.86993,0.87021,143680000,8
1253202720000,1253203199000,0.87022,0.87031,0.86986,0.87021,112830000,8
1253210400000,1253210879000,0.87201,0.87206,0.87107,0.87126,74410000,8
1253210880000,1253211359000,0.87131,0.87201,0.87111,0.87166,76820000,8
1253211840000,1253212319000,0.87166,0.87171,0.87144,0.87156,16860000,8
1253214240000,1253214719000,0.87141,0.87171,0.87104,0.87126,65250000,8
1253215680000,1253216159000,0.87081,0.87081,0.87051,0.87071,62060000,8
1253216640000,1253217119000,0.87052,0.87077,0.87026,0.87077,133440000,8
1253217120000,1253217599000,0.87082,0.87121,0.87051,0.87066,124980000,8
1253217600000,1253218079000,0.87067,0.87096,0.87036,0.87081,168690000,8
1253219040000,1253219519000,0.87101,0.87139,0.87081,0.87133,127760000,8
1253219520000,1253219999000,0.87138,0.87157,0.87121,0.87121,79780000,8
1253220000000,1253220479000,0.87116,0.87126,0.87091,0.87116,93690000,8
1253220480000,1253220959000,0.87121,0.87169,0.87086,0.87091,201320000,8
1253221920000,1253222399000,0.87012,0.87057,0.86918,0.86921,255760000,8
1253222400000,1253222879000,0.86926,0.86996,0.86916,0.86976,273390000,8
1253222880000,1253223359000,0.86981,0.87011,0.86907,0.86941,208410000,8
1253223360000,1253223839000,0.86946,0.86976,0.86909,0.86946,202420000,8
1253223840000,1253224319000,0.86939,0.86946,0.86851,0.86856,161190000,8
1253224320000,1253224799000,0.86851,0.86876,0.86811,0.86821,267340000,8
1253224800000,1253225279000,0.86816,0.86896,0.86796,0.86841,240690000,8
1253225280000,1253225759000,0.86836,0.86881,0.86831,0.86868,156790000,8
1253225760000,1253226239000,0.86859,0.86937,0.86852,0.86862,325840000,8
1253226720000,1253227199000,0.86891,0.87006,0.86876,0.86961,252700000,8
1253227200000,1253227679000,0.86966,0.86971,0.86926,0.86931,124670000,8
1253227680000,1253228159000,0.86936,0.86956,0.86876,0.86881,211600000,8
1253228160000,1253228639000,0.86886,0.86971,0.86876,0.86941,159910000,8
1253229600000,1253230079000,0.86947,0.86966,0.86921,0.86936,109250000,8
1253230080000,1253230559000,0.86941,0.86986,0.86931,0.86961,166140000,8
1253230560000,1253231039000,0.86956,0.87006,0.86936,0.87001,153140000,8
1253231520000,1253231999000,0.86996,0.87038,0.86981,0.87036,241310000,8
1253235840000,1253236319000,0.87111,0.87157,0.87066,0.87071,280040000,8
1253236320000,1253236799000,0.87061,0.87086,0.87036,0.87051,213820000,8
1253237760000,1253238239000,0.87051,0.87086,0.87036,0.87081,174440000,8
1253238240000,1253238719000,0.87076,0.87091,0.86971,0.86976,205140000,8
1253238720000,1253239199000,0.86981,0.87024,0.86961,0.87006,227000000,8
1253243040000,1253243519000,0.86851,0.86876,0.86771,0.86821,459440000,8
1253243520000,1253243999000,0.86823,0.86851,0.86731,0.86831,398200000,8
1253244000000,1253244479000,0.86836,0.86894,0.86836,0.86846,410340000,8
1253244480000,1253244959000,0.86826,0.86849,0.86733,0.86801,532750000,8
1253244960000,1253245439000,0.86803,0.86846,0.86781,0.86781,325030000,8
1253245440000,1253245919000,0.86777,0.86811,0.86756,0.86791,237050000,8
1253245920000,1253246399000,0.86794,0.86806,0.86586,0.86616,569780000,8
1253257440000,1253257919000,0.8692,0.86958,0.86896,0.86941,298580000,8
1253257920000,1253258399000,0.86942,0.86953,0.86861,0.86871,256580000,8
1253258880000,1253259359000,0.86872,0.86966,0.86861,0.86931,393810000,8
1253259360000,1253259839000,0.86934,0.87009,0.86934,0.86954,397740000,8
1253259840000,1253260319000,0.86959,0.86994,0.86929,0.86929,204740000,8
1253260320000,1253260799000,0.86933,0.86952,0.86886,0.86901,341240000,8
1253283360000,1253283839000,0.86869,0.86886,0.86841,0.86851,149890000,8
1253283840000,1253284319000,0.86846,0.86871,0.86801,0.86801,153570000,8
1253284320000,1253284799000,0.86806,0.86871,0.86806,0.86811,99120000,8
1253285280000,1253285759000,0.86796,0.86826,0.86796,0.86826,141350000,8
1253285760000,1253286239000,0.86822,0.86911,0.86821,0.86836,134670000,8
1253286240000,1253286719000,0.86829,0.86871,0.86829,0.86866,122520000,8
1253286720000,1253287199000,0.86859,0.86886,0.86851,0.86866,72040000,8
1253288160000,1253288639000,0.86901,0.86906,0.86792,0.86811,100120000,8
1253288640000,1253289119000,0.86804,0.86818,0.86757,0.86771,90830000,8
1253289120000,1253289599000,0.86772,0.86772,0.86706,0.86722,101610000,8
1253485440000,1253485919000,0.8652,0.86563,0.86511,0.86563,78840000,8
1253486880000,1253487359000,0.86552,0.86657,0.86552,0.86652,114920000,8
1253487360000,1253487839000,0.86647,0.86676,0.86641,0.86651,97140000,8
1253491200000,1253491679000,0.86661,0.86676,0.86651,0.86666,72150000,8
1253492640000,1253493119000,0.86754,0.86826,0.86754,0.86786,218890000,8
1253494560000,1253495039000,0.86766,0.86797,0.86746,0.86761,147880000,8
1253495040000,1253495519000,0.86766,0.86796,0.86761,0.86776,99190000,8
1253495520000,1253495999000,0.86781,0.86796,0.86716,0.86746,177210000,8
1253496000000,1253496479000,0.86741,0.86751,0.86721,0.86741,91850000,8
1253496480000,1253496959000,0.86736,0.86736,0.86661,0.86686,94050000,8
1253496960000,1253497439000,0.86696,0.86701,0.86646,0.86646,95200000,8
1253497440000,1253497919000,0.86641,0.86656,0.86561,0.86596,160430000,8
1253497920000,1253498399000,0.86591,0.86658,0.86546,0.86648,276190000,8
1253498400000,1253498879000,0.86658,0.86676,0.86586,0.86641,305450000,8
1253499360000,1253499839000,0.86623,0.86631,0.86586,0.86616,100730000,8
1253500800000,1253501279000,0.86576,0.86583,0.86516,0.86551,134810000,8
1253501760000,1253502239000,0.86577,0.86621,0.86567,0.86606,102910000,8
1253502720000,1253503199000,0.86584,0.86586,0.86541,0.86566,114270000,8
1253503200000,1253503679000,0.86567,0.86627,0.86551,0.86606,120290000,8
1253503680000,1253504159000,0.86615,0.86633,0.86591,0.86597,197500000,8
1253504160000,1253504639000,0.86605,0.86637,0.86501,0.86521,232060000,8
1253504640000,1253505119000,0.86516,0.86546,0.86446,0.86508,314990000,8
1253505120000,1253505599000,0.86499,0.86561,0.86498,0.86521,266240000,8
1253505600000,1253506079000,0.86516,0.86606,0.86516,0.86586,206150000,8
1253506080000,1253506559000,0.86579,0.86621,0.86576,0.86606,112310000,8
1253507520000,1253507999000,0.86606,0.86616,0.86596,0.86596,120850000,8
1253508000000,1253508479000,0.86601,0.86601,0.86546,0.86576,87900000,8
1253508480000,1253508959000,0.86571,0.86611,0.86566,0.86571,99650000,8
1253523840000,1253524319000,0.86219,0.86241,0.86154,0.86163,369820000,8
1253524320000,1253524799000,0.86161,0.86194,0.86136,0.86176,381550000,8
1253524800000,1253525279000,0.86181,0.86189,0.86126,0.86144,301910000,8
1253525280000,1253525759000,0.86146,0.86214,0.86139,0.86173,392840000,8
1253525760000,1253526239000,0.86171,0.86208,0.86146,0.86163,284180000,8
1253526720000,1253527199000,0.86166,0.86186,0.86144,0.86154,217620000,8
1253548800000,1253549279000,0.86341,0.86368,0.86303,0.86312,187690000,8
1253549280000,1253549759000,0.86311,0.86406,0.86306,0.86391,272160000,8
1253549760000,1253550239000,0.86386,0.86386,0.86311,0.86336,280580000,8
1253550240000,1253550719000,0.86331,0.86361,0.8627,0.86286,226250000,8
1253550720000,1253551199000,0.86281,0.86331,0.86276,0.86293,247980000,8
1253551200000,1253551679000,0.86291,0.86336,0.86281,0.86301,198110000,8
1253551680000,1253552159000,0.86296,0.86312,0.86251,0.86251,178930000,8
1253552160000,1253552639000,0.86246,0.86274,0.86221,0.86256,234930000,8
1253553600000,1253554079000,0.86221,0.86296,0.86218,0.86251,262010000,8
1253554560000,1253555039000,0.86231,0.86326,0.86231,0.86326,202650000,8
1253555040000,1253555519000,0.86331,0.86396,0.86306,0.86311,246930000,8
1253555520000,1253555999000,0.86316,0.86336,0.86271,0.86286,184510000,8
1253556960000,1253557439000,0.86231,0.86286,0.86225,0.86271,134240000,8
1253557440000,1253557919000,0.8627,0.86275,0.86226,0.86237,224690000,8
1253557920000,1253558399000,0.86247,0.86283,0.86245,0.86262,123140000,8
1253573280000,1253573759000,0.86326,0.86386,0.86321,0.86366,99840000,8
1253577600000,1253578079000,0.86441,0.86481,0.86406,0.86481,171710000,8
1253578080000,1253578559000,0.86476,0.86496,0.86456,0.86456,89190000,8
1253579520000,1253579999000,0.86471,0.86556,0.86466,0.86496,125340000,8
1253580000000,1253580479000,0.86491,0.86566,0.86491,0.86556,154390000,8
1253580480000,1253580959000,0.86551,0.86586,0.86526,0.86526,84800000,8
1253592480000,1253592959000,0.86936,0.86949,0.86897,0.86916,226060000,8
1253592960000,1253593439000,0.86918,0.86948,0.86911,0.86926,124710000,8
1253593440000,1253593919000,0.86921,0.86921,0.86896,0.86916,188060000,8
1253594400000,1253594879000,0.86924,0.86941,0.86911,0.86921,147870000,8
1253595840000,1253596319000,0.86911,0.86919,0.86881,0.86896,119560000,8
1253596320000,1253596799000,0.86901,0.86931,0.86886,0.86931,170040000,8
1253596800000,1253597279000,0.86926,0.86936,0.86916,0.86921,104250000,8
1253597280000,1253597759000,0.86924,0.86931,0.86866,0.86931,352170000,8
1253598240000,1253598719000,0.86901,0.86906,0.86856,0.86871,206800000,8
1253598720000,1253599199000,0.86866,0.86876,0.86856,0.86871,210630000,8
1253610240000,1253610719000,0.87361,0.87396,0.87341,0.87351,238910000,8
1253610720000,1253611199000,0.87346,0.87376,0.87326,0.87341,115820000,8
1253611200000,1253611679000,0.87344,0.87371,0.87331,0.87361,160130000,8
1253611680000,1253612159000,0.87371,0.87416,0.87358,0.87386,156400000,8
1253612160000,1253612639000,0.87389,0.87436,0.87371,0.87381,233580000,8
1253612640000,1253613119000,0.87376,0.87476,0.87371,0.87446,303000000,8
1253613120000,1253613599000,0.87451,0.87541,0.87443,0.87541,425340000,8
1253613600000,1253614079000,0.87543,0.87586,0.87431,0.87441,640770000,8
1253614080000,1253614559000,0.87436,0.87466,0.87406,0.87446,310320000,8
1253614560000,1253615039000,0.87451,0.87526,0.87406,0.87426,230680000,8
1253615040000,1253615519000,0.87424,0.87431,0.87321,0.87353,358370000,8
1253615520000,1253615999000,0.87351,0.87428,0.87341,0.87397,302350000,8
1253616000000,1253616479000,0.87392,0.87413,0.87376,0.87406,214990000,8
1253616480000,1253616959000,0.87401,0.87486,0.87401,0.87456,214420000,8
1253616960000,1253617439000,0.87446,0.87446,0.87371,0.87386,253390000,8
1253617920000,1253618399000,0.87346,0.87423,0.87341,0.87378,231040000,8
1253618880000,1253619359000,0.87448,0.87451,0.87331,0.87341,215480000,8
1253619360000,1253619839000,0.87336,0.87356,0.87318,0.87351,171960000,8
1253620320000,1253620799000,0.87381,0.87406,0.87362,0.87376,173230000,8
1253620800000,1253621279000,0.87379,0.87401,0.87366,0.87401,258480000,8
1253621280000,1253621759000,0.87404,0.87436,0.87326,0.87346,286160000,8
1253621760000,1253622239000,0.87351,0.87391,0.87342,0.87371,247250000,8
1253622240000,1253622719000,0.87366,0.87396,0.87291,0.87296,305830000,8
1253622720000,1253623199000,0.87292,0.87331,0.87238,0.87326,492140000,8
1253623200000,1253623679000,0.87331,0.87419,0.87281,0.87376,372070000,8
1253623680000,1253624159000,0.87378,0.87409,0.87321,0.87322,338670000,8
1253635200000,1253635679000,0.87349,0.87443,0.87344,0.87443,330650000,8
1253635680000,1253636159000,0.87438,0.87448,0.87391,0.87401,236160000,8
1253636160000,1253636639000,0.87396,0.87426,0.87361,0.87386,174880000,8
1253636640000,1253637119000,0.87381,0.87416,0.87376,0.87406,222210000,8
1253637120000,1253637599000,0.87411,0.87421,0.87331,0.87336,172610000,8
1253637600000,1253638079000,0.87343,0.87386,0.87326,0.87351,128330000,8
1253638080000,1253638559000,0.87346,0.87356,0.87311,0.87341,116350000,8
1253638560000,1253639039000,0.87336,0.8736,0.87284,0.87284,145290000,8
1253639040000,1253639519000,0.8727,0.87359,0.87266,0.87354,179410000,8
1253639520000,1253639999000,0.87351,0.87351,0.87243,0.87286,312280000,8
1253640000000,1253640479000,0.87288,0.87302,0.87236,0.87271,180820000,8
1253640480000,1253640959000,0.87276,0.87313,0.87244,0.87269,134580000,8
1253640960000,1253641439000,0.87266,0.87296,0.87226,0.87266,202980000,8
1253641440000,1253641919000,0.87271,0.87336,0.87261,0.87302,163610000,8
1253641920000,1253642399000,0.87301,0.87326,0.87281,0.87286,177500000,8
1253642400000,1253642879000,0.87281,0.87317,0.87256,0.87316,133400000,8
1253642880000,1253643359000,0.87311,0.87316,0.87281,0.87281,87770000,8
1253643840000,1253644319000,0.87221,0.87231,0.87186,0.87221,134730000,8
1253644800000,1253645279000,0.87241,0.87286,0.87241,0.87266,93800000,8
1253645280000,1253645759000,0.87271,0.87288,0.87256,0.87271,168030000,8
1253645760000,1253646239000,0.87276,0.87286,0.87218,0.87256,101780000,8
1253646720000,1253647199000,0.87261,0.87286,0.87256,0.87281,70270000,8
1253647200000,1253647679000,0.87276,0.87336,0.87276,0.87306,96330000,8
1253648160000,1253648639000,0.87351,0.87358,0.87316,0.87341,112330000,8
1253648640000,1253649119000,0.87336,0.87366,0.87312,0.87356,78330000,8
1253650080000,1253650559000,0.87356,0.87356,0.87288,0.87288,27290000,8
1253650560000,1253651039000,0.87295,0.87371,0.87295,0.87371,80570000,8
1253652480000,1253652959000,0.8732,0.87342,0.87286,0.87326,49490000,8
1253653920000,1253654399000,0.87322,0.87361,0.87313,0.87336,42440000,8
1253654400000,1253654879000,0.87332,0.87342,0.87243,0.87342,67950000,8
1253659680000,1253660159000,0.87485,0.87485,0.87416,0.87446,86300000,8
1253664000000,1253664479000,0.87624,0.87655,0.87599,0.87654,173390000,8
1253664480000,1253664959000,0.87655,0.87719,0.87651,0.87661,227130000,8
1253664960000,1253665439000,0.87666,0.87681,0.87586,0.87596,160380000,8
1253665440000,1253665919000,0.87591,0.87591,0.87516,0.87556,168750000,8
1253666400000,1253666879000,0.87556,0.87556,0.87467,0.87516,199770000,8
1253666880000,1253667359000,0.87511,0.87521,0.87446,0.87476,169140000,8
1253667360000,1253667839000,0.87481,0.87556,0.87476,0.87511,304080000,8
1253667840000,1253668319000,0.87506,0.87536,0.87476,0.87481,231870000,8
1253668320000,1253668799000,0.87486,0.87551,0.87486,0.87526,169890000,8
1253668800000,1253669279000,0.87521,0.87526,0.87451,0.87462,219680000,8
1253669760000,1253670239000,0.87491,0.87516,0.87481,0.87511,167350000,8
1253670240000,1253670719000,0.87515,0.87556,0.87501,0.87546,184490000,8
1253670720000,1253671199000,0.87539,0.87576,0.87526,0.87571,95060000,8
1253675040000,1253675519000,0.87649,0.87678,0.87625,0.87638,174290000,8
1253675520000,1253675999000,0.87635,0.87655,0.87615,0.8763,75480000,8
1253676000000,1253676479000,0.87632,0.8768,0.87632,0.8767,132590000,8
1253676960000,1253677439000,0.87659,0.87674,0.87614,0.87626,226830000,8
1253678400000,1253678879000,0.87596,0.87686,0.87586,0.87631,301790000,8
1253678880000,1253679359000,0.87629,0.87671,0.87611,0.87646,202880000,8
1253679360000,1253679839000,0.87641,0.87651,0.87576,0.87611,168420000,8
1253679840000,1253680319000,0.8761,0.87665,0.876,0.8765,140450000,8
1253681280000,1253681759000,0.87675,0.87725,0.8764,0.8772,177210000,8
1253681760000,1253682239000,0.87725,0.87725,0.87665,0.877,241570000,8
1253682240000,1253682719000,0.8771,0.87725,0.87655,0.87675,131160000,8
1253683200000,1253683679000,0.8768,0.87715,0.8768,0.877,127110000,8
1253683680000,1253684159000,0.87705,0.87725,0.8764,0.8764,206150000,8
1253684160000,1253684639000,0.87635,0.87705,0.8763,0.8767,212470000,8
1253684640000,1253685119000,0.87675,0.87675,0.8762,0.8765,159220000,8
1253685120000,1253685599000,0.87655,0.87655,0.87531,0.87577,338240000,8
1253685600000,1253686079000,0.87578,0.87588,0.87517,0.8756,275710000,8
1253686080000,1253686559000,0.87565,0.8762,0.87535,0.87565,232470000,8
1253686560000,1253687039000,0.8757,0.8758,0.8751,0.8751,177580000,8
1253687040000,1253687519000,0.87511,0.87565,0.87441,0.87445,307380000,8
1253687520000,1253687999000,0.8745,0.87461,0.87386,0.87395,400960000,8
1253688000000,1253688479000,0.8739,0.87454,0.87366,0.87404,398890000,8
1253688480000,1253688959000,0.874,0.87419,0.87329,0.87359,297150000,8
1253688960000,1253689439000,0.87355,0.87424,0.87315,0.87389,463090000,8
1253689440000,1253689919000,0.87385,0.87424,0.87365,0.8738,426540000,8
1253689920000,1253690399000,0.87381,0.87464,0.87366,0.87454,321360000,8
1253690400000,1253690879000,0.87451,0.87519,0.87404,0.87499,439940000,8
1253690880000,1253691359000,0.87494,0.87499,0.87383,0.87406,571860000,8
1253691360000,1253691839000,0.87397,0.87491,0.87397,0.87476,561670000,8
1253691840000,1253692319000,0.87481,0.87527,0.87451,0.87517,635960000,8
1253692320000,1253692799000,0.87522,0.87631,0.87517,0.87596,394450000,8
1253696640000,1253697119000,0.87591,0.87656,0.87586,0.87641,242560000,8
1253697120000,1253697599000,0.87638,0.87646,0.87558,0.87576,234720000,8
1253697600000,1253698079000,0.87571,0.87586,0.87541,0.87581,274400000,8
1253698080000,1253698559000,0.87582,0.87596,0.87546,0.87576,262960000,8
1253698560000,1253699039000,0.87579,0.8759,0.87541,0.87576,251710000,8
1253699040000,1253699519000,0.87574,0.87576,0.87431,0.87451,397130000,8
1253699520000,1253699999000,0.87456,0.87466,0.87416,0.87461,270730000,8
1253700000000,1253700479000,0.87459,0.87476,0.87451,0.87476,190990000,8
1253700480000,1253700959000,0.87481,0.87501,0.87446,0.87446,211950000,8
1253700960000,1253701439000,0.87441,0.87471,0.87416,0.87451,278070000,8
1253701440000,1253701919000,0.87456,0.87459,0.87426,0.87451,261100000,8
1253702400000,1253702879000,0.87476,0.87486,0.87441,0.87446,283640000,8
1253702880000,1253703359000,0.87441,0.87472,0.87429,0.87452,209440000,8
1253736000000,1253736479000,0.87021,0.87056,0.86911,0.86967,247450000,8
1253736480000,1253736959000,0.86966,0.86996,0.86881,0.86966,218080000,8
1253737440000,1253737919000,0.86871,0.86926,0.86866,0.86876,119810000,8
1253737920000,1253738399000,0.8688,0.86946,0.86872,0.86922,99120000,8
1253738400000,1253738879000,0.86926,0.87036,0.86923,0.86992,123180000,8
1253738880000,1253739359000,0.86989,0.87026,0.86878,0.86924,186290000,8
1253747520000,1253747999000,0.86736,0.86736,0.86601,0.86639,321910000,8
1253748000000,1253748479000,0.86636,0.86709,0.86622,0.86687,154550000,8
1253748960000,1253749439000,0.86724,0.86801,0.86724,0.86751,107890000,8
1253749440000,1253749919000,0.86755,0.86868,0.86751,0.86848,175910000,8
1253749920000,1253750399000,0.86851,0.86935,0.86846,0.86934,245090000,8
1253754240000,1253754719000,0.87119,0.87145,0.87052,0.87057,350890000,8
1253754720000,1253755199000,0.87053,0.87074,0.87003,0.87057,317660000,8
1253755200000,1253755679000,0.87061,0.87097,0.87052,0.87077,216150000,8
1253755680000,1253756159000,0.87079,0.87114,0.87068,0.87074,275970000,8
1253756160000,1253756639000,0.87072,0.87075,0.87014,0.87017,303000000,8
1253756640000,1253757119000,0.87022,0.87067,0.86997,0.87061,332000000,8
1253764800000,1253765279000,0.87166,0.87166,0.87126,0.87141,153510000,8
1253765280000,1253765759000,0.87145,0.87146,0.87114,0.87118,102260000,8
1253765760000,1253766239000,0.87114,0.87118,0.87031,0.87031,257200000,8
1253766240000,1253766719000,0.87026,0.87076,0.87026,0.87034,149400000,8
1253766720000,1253767199000,0.87039,0.87051,0.86999,0.87027,181670000,8
1253767200000,1253767679000,0.87026,0.87071,0.87021,0.87066,273120000,8
1253767680000,1253768159000,0.87061,0.87076,0.86998,0.87021,204350000,8
1253779200000,1253779679000,0.87346,0.87351,0.872,0.87241,430060000,8
1253779680000,1253780159000,0.87236,0.87246,0.87131,0.87136,368580000,8
1253780160000,1253780639000,0.87141,0.87281,0.87136,0.87271,449060000,8
1253780640000,1253781119000,0.87266,0.87296,0.87206,0.87251,297370000,8
1253781120000,1253781599000,0.87254,0.87326,0.87251,0.87316,228510000,8
1253781600000,1253782079000,0.87311,0.87436,0.87301,0.87406,329010000,8
1253782080000,1253782559000,0.87409,0.87441,0.87381,0.87406,279460000,8
1253811840000,1253812319000,0.8668,0.86737,0.86653,0.86716,422340000,8
1253812320000,1253812799000,0.86715,0.8672,0.86615,0.8662,340000000,8
1253812800000,1253813279000,0.86625,0.86635,0.86605,0.86625,258500000,8
1253813280000,1253813759000,0.8662,0.86667,0.8661,0.86614,170870000,8
1253813760000,1253814239000,0.86609,0.86636,0.86504,0.86519,289040000,8
1253814240000,1253814719000,0.8652,0.86536,0.86476,0.86476,326790000,8
1253814720000,1253815199000,0.86474,0.86487,0.86299,0.86339,599450000,8
1253826720000,1253827199000,0.86455,0.86532,0.86446,0.86491,70930000,8
1253833440000,1253833919000,0.86421,0.86466,0.86322,0.86322,247680000,8
1253833920000,1253834399000,0.86323,0.86356,0.86311,0.86338,139190000,8
1253834400000,1253834879000,0.8634,0.86344,0.86167,0.86191,494060000,8
1253834880000,1253835359000,0.86192,0.86276,0.86174,0.86256,325910000,8
1253835360000,1253835839000,0.86254,0.86261,0.86145,0.86176,336750000,8
1253835840000,1253836319000,0.86174,0.86196,0.86094,0.86107,546590000,8
1253836320000,1253836799000,0.86112,0.86363,0.86074,0.86294,895230000,8
1253836800000,1253837279000,0.86285,0.86424,0.86264,0.86371,518560000,8
1253837280000,1253837759000,0.86375,0.86424,0.86324,0.86336,451930000,8
1253837760000,1253838239000,0.86345,0.86345,0.86194,0.86279,408450000,8
1253838240000,1253838719000,0.86276,0.86276,0.86144,0.86196,376630000,8
1253838720000,1253839199000,0.86199,0.86365,0.86164,0.86314,501930000,8
1253839200000,1253839679000,0.86315,0.86324,0.86164,0.86181,457500000,8
1253839680000,1253840159000,0.86187,0.86214,0.86104,0.86179,498660000,8
1253840160000,1253840639000,0.86175,0.86259,0.86154,0.86201,333400000,8
1253840640000,1253841119000,0.86197,0.86231,0.8611,0.86111,419350000,8
1253841120000,1253841599000,0.86113,0.86174,0.86094,0.86134,395220000,8
1253841600000,1253842079000,0.86131,0.86261,0.86111,0.86207,416300000,8
1253842080000,1253842559000,0.86212,0.86272,0.86164,0.86251,516620000,8
1253842560000,1253843039000,0.86256,0.86364,0.86256,0.86351,430920000,8
1253843040000,1253843519000,0.86346,0.86414,0.86314,0.86336,351030000,8
1253843520000,1253843999000,0.86327,0.86359,0.86304,0.86304,235410000,8
1253848320000,1253848799000,0.86454,0.86454,0.86393,0.86409,175930000,8
1253848800000,1253849279000,0.86404,0.86414,0.86364,0.86369,160270000,8
1253849280000,1253849759000,0.86365,0.86409,0.86344,0.86384,249110000,8
1253849760000,1253850239000,0.86379,0.86437,0.86364,0.86424,229740000,8
1253850240000,1253850719000,0.86419,0.86439,0.86394,0.86434,163900000,8
1253850720000,1253851199000,0.86439,0.86479,0.86428,0.86479,228890000,8
1253851200000,1253851679000,0.86474,0.86484,0.86454,0.86479,162820000,8
1253851680000,1253852159000,0.86484,0.86549,0.86464,0.86524,192440000,8
1253852160000,1253852639000,0.86529,0.86735,0.86524,0.86694,506330000,8
1253852640000,1253853119000,0.86689,0.86735,0.86612,0.86719,432140000,8
1253853120000,1253853599000,0.86724,0.8685,0.86709,0.86734,698170000,8
1253853600000,1253854079000,0.86735,0.86976,0.86709,0.86976,828070000,8
1253854080000,1253854559000,0.86985,0.87049,0.86871,0.86914,772380000,8
1253862240000,1253862719000,0.86856,0.86911,0.86801,0.86856,638140000,8
1253862720000,1253863199000,0.86851,0.86911,0.86811,0.86856,428860000,8
1253863200000,1253863679000,0.86859,0.86932,0.86831,0.86911,484810000,8
1253863680000,1253864159000,0.86906,0.86961,0.86856,0.86891,501120000,8
1253864160000,1253864639000,0.86886,0.86901,0.86821,0.86861,495010000,8
1253864640000,1253865119000,0.86865,0.86881,0.86816,0.86821,518000000,8
1253865120000,1253865599000,0.86817,0.86846,0.86766,0.86796,466120000,8
1253865600000,1253866079000,0.86793,0.86811,0.86741,0.86761,547780000,8
1253866080000,1253866559000,0.86756,0.86776,0.86701,0.86703,290890000,8
1253866560000,1253867039000,0.86701,0.86726,0.86666,0.86696,329830000,8
1253867040000,1253867519000,0.86706,0.86729,0.86647,0.86728,365390000,8
1253867520000,1253867999000,0.86731,0.86812,0.86712,0.86799,312010000,8
1253868000000,1253868479000,0.86796,0.86896,0.86793,0.86871,381290000,8
1253868480000,1253868959000,0.86876,0.86919,0.86866,0.86886,200740000,8
1253868960000,1253869439000,0.86891,0.86896,0.86839,0.86883,348420000,8
1253869440000,1253869919000,0.86881,0.86884,0.86782,0.86836,423970000,8
1253869920000,1253870399000,0.86834,0.86846,0.86776,0.86776,253620000,8
1253870400000,1253870879000,0.86773,0.86796,0.86746,0.86796,214180000,8
1253870880000,1253871359000,0.86799,0.8685,0.86796,0.86821,328010000,8
1253871360000,1253871839000,0.86816,0.86866,0.86816,0.86866,395410000,8
1253871840000,1253872319000,0.86871,0.86872,0.86811,0.86841,140130000,8
1253872320000,1253872799000,0.86837,0.8688,0.86818,0.86878,310960000,8
1253883840000,1253884319000,0.86384,0.86462,0.86312,0.86319,686140000,8
1253884320000,1253884799000,0.86313,0.86341,0.86266,0.86301,625840000,8
1253884800000,1253885279000,0.86296,0.86413,0.86277,0.86356,623710000,8
1253885280000,1253885759000,0.86361,0.86484,0.86334,0.8635,638180000,8
1253885760000,1253886239000,0.86354,0.8642,0.86247,0.86404,912560000,8
1253886240000,1253886719000,0.86402,0.86516,0.86387,0.86402,1108140000,8
1253886720000,1253887199000,0.86403,0.8653,0.86386,0.86431,826540000,8
1254088800000,1254089279000,0.86647,0.86657,0.86579,0.86632,105770000,8
1254089760000,1254090239000,0.86602,0.86657,0.86552,0.86642,98320000,8
1254090240000,1254090719000,0.86631,0.86687,0.86577,0.86612,177540000,8
1254091680000,1254092159000,0.86625,0.86645,0.86605,0.86605,95240000,8
1254092160000,1254092639000,0.86607,0.86715,0.86605,0.86664,153410000,8
1254092640000,1254093119000,0.86669,0.86786,0.86536,0.86542,406900000,8
1254093120000,1254093599000,0.86551,0.86628,0.86536,0.86603,219720000,8
1254093600000,1254094079000,0.86608,0.86669,0.86454,0.86644,436510000,8
1254094080000,1254094559000,0.86654,0.86733,0.86643,0.86699,479490000,8
1254094560000,1254095039000,0.86694,0.86759,0.86674,0.86674,192720000,8
1254095040000,1254095519000,0.86664,0.86819,0.86594,0.86797,352610000,8
1254095520000,1254095999000,0.86799,0.86814,0.86534,0.8656,374330000,8
1254107040000,1254107519000,0.86021,0.86036,0.85935,0.85968,221410000,8
1254107520000,1254107999000,0.85965,0.86059,0.85965,0.86054,166610000,8
1254108000000,1254108479000,0.86049,0.86076,0.86006,0.86036,129270000,8
1254108480000,1254108959000,0.86044,0.86056,0.86014,0.86024,68820000,8
1254108960000,1254109439000,0.86019,0.86044,0.85946,0.85971,216580000,8
1254109440000,1254109919000,0.85976,0.86013,0.85956,0.86001,77840000,8
1254109920000,1254110399000,0.85996,0.85996,0.85916,0.85958,156380000,8
1254110400000,1254110879000,0.85949,0.86078,0.85948,0.86033,184040000,8
1254111360000,1254111839000,0.86011,0.86021,0.85915,0.8599,273650000,8
1254111840000,1254112319000,0.85995,0.86087,0.8599,0.86042,190130000,8
1254112320000,1254112799000,0.86044,0.8621,0.86044,0.86115,288180000,8
1254112800000,1254113279000,0.8612,0.86255,0.8612,0.86202,176730000,8
1254113280000,1254113759000,0.86207,0.86265,0.86195,0.86235,159630000,8
1254113760000,1254114239000,0.8623,0.86237,0.8618,0.86215,83880000,8
1254114720000,1254115199000,0.86245,0.86367,0.8624,0.86347,140820000,8
1254115200000,1254115679000,0.86349,0.86407,0.86265,0.86306,262720000,8
1254115680000,1254116159000,0.86312,0.86382,0.86312,0.86335,134090000,8
1254116160000,1254116639000,0.8634,0.86344,0.86263,0.86263,98560000,8
1254116640000,1254117119000,0.86259,0.86303,0.86156,0.86237,329350000,8
1254117120000,1254117599000,0.86232,0.86239,0.86168,0.86219,249550000,8
1254132000000,1254132479000,0.86386,0.86401,0.86346,0.86356,153340000,8
1254132480000,1254132959000,0.86349,0.86371,0.86336,0.86361,166120000,8
1254133440000,1254133919000,0.86401,0.86496,0.86401,0.86491,178000000,8
1254133920000,1254134399000,0.86496,0.86496,0.86421,0.86426,99110000,8
1254134880000,1254135359000,0.86421,0.86436,0.86406,0.86426,75450000,8
1254143040000,1254143519000,0.86556,0.86581,0.86486,0.86491,360680000,8
1254143520000,1254143999000,0.86492,0.86571,0.86489,0.86546,263650000,8
1254144000000,1254144479000,0.86551,0.86551,0.86428,0.86441,429530000,8
1254144480000,1254144959000,0.86446,0.86546,0.86431,0.86546,437720000,8
1254144960000,1254145439000,0.86547,0.86576,0.86456,0.86561,433780000,8
1254145440000,1254145919000,0.86557,0.86706,0.86551,0.86661,688940000,8
1254145920000,1254146399000,0.86657,0.86682,0.86581,0.86581,643240000,8
1254157440000,1254157919000,0.87269,0.87283,0.87188,0.87241,344160000,8
1254157920000,1254158399000,0.87243,0.87341,0.87243,0.87306,235010000,8
1254158400000,1254158879000,0.87311,0.87349,0.87303,0.8732,204080000,8
1254158880000,1254159359000,0.87321,0.87346,0.87301,0.87301,274070000,8
1254159360000,1254159839000,0.87296,0.87336,0.87296,0.87326,134340000,8
1254159840000,1254160319000,0.87321,0.87326,0.87196,0.87201,187990000,8
1254160320000,1254160799000,0.87196,0.87222,0.87166,0.87176,229390000,8
1254165120000,1254165599000,0.87024,0.87069,0.87016,0.8705,171850000,8
1254165600000,1254166079000,0.87055,0.8712,0.8705,0.87085,170060000,8
1254166080000,1254166559000,0.87083,0.87083,0.87031,0.87056,181120000,8
1254166560000,1254167039000,0.87051,0.87061,0.87011,0.87042,84440000,8
1254167040000,1254167519000,0.87041,0.87056,0.86948,0.87026,349480000,8
1254167520000,1254167999000,0.87021,0.87076,0.87012,0.87076,217030000,8
1254177120000,1254177599000,0.87271,0.87336,0.87271,0.87316,68290000,8
1254179040000,1254179519000,0.87306,0.87333,0.87306,0.87316,80840000,8
1254180000000,1254180479000,0.87339,0.87351,0.87321,0.87331,70010000,8
1254180480000,1254180959000,0.87326,0.87336,0.87296,0.87301,80780000,8
1254180960000,1254181439000,0.87296,0.87316,0.87256,0.87286,155030000,8
1254186240000,1254186719000,0.87247,0.87281,0.87236,0.87246,197500000,8
1254186720000,1254187199000,0.87251,0.87276,0.87234,0.87244,304860000,8
1254187200000,1254187679000,0.87239,0.87281,0.87224,0.87271,156140000,8
1254187680000,1254188159000,0.87274,0.87316,0.87256,0.87296,184460000,8
1254188160000,1254188639000,0.87301,0.87302,0.87196,0.87207,193830000,8
1254188640000,1254189119000,0.8721,0.87281,0.8721,0.87261,290450000,8
1254189120000,1254189599000,0.87256,0.87306,0.87256,0.87301,234450000,8
1254189600000,1254190079000,0.87304,0.87388,0.87304,0.87348,189760000,8
1254190080000,1254190559000,0.87342,0.87388,0.87331,0.87361,187760000,8
1254190560000,1254191039000,0.87366,0.87433,0.87341,0.87418,281970000,8
1254191040000,1254191519000,0.87423,0.87481,0.87411,0.87436,234840000,8
1254191520000,1254191999000,0.87429,0.87446,0.87354,0.87391,322900000,8
1254192000000,1254192479000,0.87393,0.87426,0.87366,0.87421,97640000,8
1254192480000,1254192959000,0.87416,0.87431,0.87386,0.87404,190530000,8
1254192960000,1254193439000,0.87406,0.87426,0.87371,0.87371,95110000,8
1254193440000,1254193919000,0.87376,0.87516,0.87376,0.87506,179390000,8
1254193920000,1254194399000,0.87501,0.87506,0.87401,0.87431,168120000,8
1254194880000,1254195359000,0.87431,0.87466,0.87406,0.87451,184350000,8
1254195840000,1254196319000,0.87481,0.87506,0.87456,0.87486,371920000,8
1254196320000,1254196799000,0.87481,0.87506,0.87466,0.87496,241340000,8
1254196800000,1254197279000,0.87491,0.87536,0.87471,0.87531,126430000,8
1254197280000,1254197759000,0.87532,0.87536,0.87471,0.87496,199060000,8
1254197760000,1254198239000,0.87494,0.87539,0.87485,0.87524,142280000,8
1254198240000,1254198719000,0.87514,0.87551,0.87501,0.87511,326600000,8
1254198720000,1254199199000,0.87506,0.87526,0.87487,0.87521,151220000,8
1254199200000,1254199679000,0.87522,0.87541,0.87511,0.87516,205120000,8
1254199680000,1254200159000,0.87521,0.87541,0.87506,0.87541,415400000,8
1254200160000,1254200639000,0.87537,0.87546,0.87526,0.87531,206050000,8
1254201120000,1254201599000,0.87475,0.87551,0.87464,0.87548,332470000,8
1254201600000,1254202079000,0.87543,0.87583,0.87543,0.87556,219060000,8
1254202080000,1254202559000,0.8755,0.87603,0.87516,0.87588,289680000,8
1254202560000,1254203039000,0.87593,0.87603,0.87546,0.87571,213240000,8
1254203040000,1254203519000,0.87566,0.87581,0.87526,0.87581,276510000,8
1254203520000,1254203999000,0.87584,0.87596,0.87526,0.87531,192320000,8
1254207840000,1254208319000,0.87566,0.87566,0.87501,0.87556,658920000,8
1254208320000,1254208799000,0.87561,0.87561,0.87431,0.87456,625510000,8
1254208800000,1254209279000,0.87452,0.87481,0.87427,0.87461,527080000,8
1254209280000,1254209759000,0.87469,0.87481,0.87336,0.87351,588790000,8
1254209760000,1254210239000,0.87348,0.87449,0.87346,0.87361,577950000,8
1254210240000,1254210719000,0.87356,0.87431,0.87336,0.8737,652380000,8
1254210720000,1254211199000,0.87361,0.87376,0.87276,0.87346,559900000,8
1254222240000,1254222719000,0.87222,0.8725,0.87185,0.87226,420360000,8
1254222720000,1254223199000,0.8723,0.87351,0.87225,0.87316,554990000,8
1254223200000,1254223679000,0.87311,0.87336,0.87259,0.87291,240180000,8
1254223680000,1254224159000,0.87292,0.87346,0.87291,0.87341,250230000,8
1254224160000,1254224639000,0.87336,0.87399,0.87332,0.87336,536730000,8
1254224640000,1254225119000,0.87339,0.87371,0.87322,0.87341,339450000,8
1254225120000,1254225599000,0.87336,0.87336,0.87231,0.87231,438120000,8
1254247200000,1254247679000,0.87324,0.87336,0.87246,0.87256,202450000,8
1254247680000,1254248159000,0.87253,0.87276,0.87169,0.87199,247020000,8
1254248160000,1254248639000,0.87204,0.87204,0.87135,0.8718,168700000,8
1254249120000,1254249599000,0.8719,0.87205,0.87155,0.8716,121550000,8
1254250080000,1254250559000,0.87167,0.87195,0.87165,0.87175,210200000,8
1254264480000,1254264959000,0.87179,0.87219,0.87174,0.87199,80110000,8
1254264960000,1254265439000,0.87208,0.87268,0.87208,0.87268,191920000,8
1254265440000,1254265919000,0.87263,0.87304,0.87251,0.87281,114760000,8
1254268320000,1254268799000,0.87361,0.8741,0.87345,0.874,214220000,8
1254268800000,1254269279000,0.87402,0.87425,0.87365,0.87373,187420000,8
1254269280000,1254269759000,0.87374,0.874,0.87328,0.874,232240000,8
1254269760000,1254270239000,0.87401,0.87475,0.87378,0.87379,350040000,8
1254270240000,1254270719000,0.87378,0.87475,0.87363,0.87458,287150000,8
1254270720000,1254271199000,0.87464,0.87503,0.8744,0.87475,361100000,8
1254271200000,1254271679000,0.87466,0.87475,0.87395,0.87422,347420000,8
1254271680000,1254272159000,0.8742,0.87505,0.87419,0.8748,304020000,8
1254272160000,1254272639000,0.87485,0.8759,0.87465,0.8758,262010000,8
1254272640000,1254273119000,0.87585,0.8759,0.87515,0.87525,333690000,8
1254273120000,1254273599000,0.8753,0.8755,0.8747,0.87535,241500000,8
1254273600000,1254274079000,0.8753,0.87605,0.875,0.87514,265560000,8
1254274080000,1254274559000,0.87509,0.87816,0.87484,0.87734,809380000,8
1254274560000,1254275039000,0.87724,0.87786,0.87694,0.87761,396190000,8
1254275040000,1254275519000,0.87759,0.87785,0.87726,0.87769,280100000,8
1254275520000,1254275999000,0.87764,0.87831,0.87754,0.87811,304910000,8
1254279840000,1254280319000,0.87909,0.87936,0.87881,0.87911,125210000,8
1254280320000,1254280799000,0.87913,0.87921,0.87829,0.87841,159770000,8
1254281280000,1254281759000,0.87865,0.87881,0.87826,0.87851,163800000,8
1254281760000,1254282239000,0.87855,0.87891,0.87846,0.87891,76680000,8
1254282720000,1254283199000,0.87875,0.87921,0.87861,0.87906,156060000,8
1254283200000,1254283679000,0.87901,0.87941,0.87865,0.87879,163480000,8
1254283680000,1254284159000,0.87885,0.87898,0.87858,0.87858,216190000,8
1254284160000,1254284639000,0.87853,0.87918,0.87853,0.87903,192490000,8
1254284640000,1254285119000,0.87898,0.87903,0.87806,0.87851,218550000,8
1254285120000,1254285599000,0.87855,0.87866,0.87826,0.87856,110640000,8
1254286080000,1254286559000,0.87852,0.87876,0.87851,0.87871,110030000,8
1254287040000,1254287519000,0.87863,0.87881,0.87831,0.87831,164180000,8
1254287520000,1254287999000,0.87834,0.87843,0.87796,0.87826,165490000,8
1254288000000,1254288479000,0.87831,0.87908,0.87816,0.87903,228900000,8
1254288480000,1254288959000,0.879,0.87916,0.87876,0.87893,229810000,8
1254288960000,1254289439000,0.87888,0.87936,0.87888,0.87918,191190000,8
1254289920000,1254290399000,0.87941,0.88026,0.87906,0.88016,286240000,8
1254301440000,1254301919000,0.88151,0.88251,0.88132,0.88231,382990000,8
1254301920000,1254302399000,0.88233,0.88259,0.88176,0.88196,441100000,8
1254302400000,1254302879000,0.88191,0.88354,0.88186,0.88336,693380000,8
1254302880000,1254303359000,0.88331,0.88361,0.88276,0.88296,419520000,8
1254303360000,1254303839000,0.88301,0.88316,0.88236,0.88236,375930000,8
1254303840000,1254304319000,0.88234,0.88301,0.88234,0.88256,343580000,8
1254304320000,1254304799000,0.88252,0.88331,0.88246,0.88296,227250000,8
1254304800000,1254305279000,0.88299,0.88356,0.88296,0.88351,199680000,8
1254305280000,1254305759000,0.88354,0.88366,0.88256,0.88276,255550000,8
1254305760000,1254306239000,0.88278,0.88291,0.88246,0.88251,212880000,8
1254306240000,1254306719000,0.88246,0.88272,0.88221,0.88271,165560000,8
1254306720000,1254307199000,0.88266,0.88296,0.88256,0.88291,155310000,8
1254307200000,1254307679000,0.88286,0.88296,0.88266,0.88281,207360000,8
1254307680000,1254308159000,0.88284,0.88286,0.88231,0.88251,219580000,8
1254308160000,1254308639000,0.88246,0.88306,0.88231,0.88252,314210000,8
1254308640000,1254309119000,0.88251,0.88271,0.88206,0.88206,189580000,8
1254309120000,1254309599000,0.88209,0.88306,0.88197,0.88256,284460000,8
1254309600000,1254310079000,0.88261,0.88306,0.88242,0.88291,335640000,8
1254310080000,1254310559000,0.88294,0.88316,0.88228,0.88266,199550000,8
1254310560000,1254311039000,0.88259,0.88291,0.88231,0.88241,263170000,8
1254311040000,1254311519000,0.88242,0.88306,0.88216,0.88221,434560000,8
1254311520000,1254311999000,0.88228,0.88266,0.88126,0.88176,535020000,8
1254337440000,1254337919000,0.88184,0.88191,0.88068,0.88116,276870000,8
1254337920000,1254338399000,0.88111,0.88116,0.88041,0.88114,349830000,8
1254338400000,1254338879000,0.88111,0.88172,0.88096,0.88166,278920000,8
1254338880000,1254339359000,0.88171,0.88216,0.88056,0.88171,319850000,8
1254339840000,1254340319000,0.88128,0.88281,0.88128,0.88271,413760000,8
1254340320000,1254340799000,0.88276,0.88301,0.88211,0.88216,240290000,8
1254348000000,1254348479000,0.88371,0.88392,0.88341,0.88379,59880000,8
1254348480000,1254348959000,0.88374,0.88384,0.88344,0.88354,57570000,8
1254349440000,1254349919000,0.88379,0.88436,0.88362,0.88376,73240000,8
1254350400000,1254350879000,0.88365,0.88386,0.88356,0.88383,56420000,8
1254351360000,1254351839000,0.88428,0.88433,0.88359,0.88369,115480000,8
1254351840000,1254352319000,0.88372,0.88389,0.8833,0.88368,93700000,8
1254352320000,1254352799000,0.88365,0.88404,0.88336,0.88384,168650000,8
1254353280000,1254353759000,0.88416,0.88416,0.88386,0.88401,141670000,8
1254354240000,1254354719000,0.88394,0.88414,0.88371,0.88385,150700000,8
1254354720000,1254355199000,0.88381,0.88397,0.88324,0.88366,169550000,8
